target,n_variants_in_priority,n_releases_covered,n_releases_uncovered,coverage_pct,variants_in_priority,variants_matched,covered_releases,uncovered_releases
PUFREG,3,97,0,100.0,"PUFREG, CREG, REG","CREG, PUFREG, REG","2005-01JAN, 2005-07JUL, 2005-10OCT, 2006-01JAN, 2006-04APR, 2006-07JUL, 2006-10OCT, 2007-01JAN, 2007-04APR, 2007-07JUL, 2007-10OCT, 2008-01JAN, 2008-07JUL, 2008-10OCT, 2009-01JAN, 2009-04APR, 2009-07JUL, 2009-10OCT, 2010-01JAN, 2010-10OCT, 2011-01JAN, 2011-04APR, 2011-07JUL, 2011-10OCT, 2012-01JAN, 2012-04APR, 2012-07JUL, 2012-10OCT, 2013-01JAN, 2013-04APR, 2013-07JUL, 2013-10OCT, 2014-01JAN, 2014-04APR, 2014-07JUL, 2014-10OCT, 2015-01JAN, 2015-04APR, 2015-07JUL, 2015-10OCT, 2016-01JAN, 2016-04APR, 2016-07JUL, 2016-10OCT, 2017-01JAN, 2017-04APR, 2017-07JUL, 2017-10OCT, 2018-01JAN, 2018-04APR, 2018-07JUL, 2018-10OCT, 2019-01JAN, 2019-04APR, 2019-07JUL, 2019-10OCT, 2020-01JAN, 2020-04APR, 2020-07JUL, 2020-10OCT, 2021-01JAN, 2021-02FEB, 2021-03MAR, 2021-04APR, 2021-05MAY, 2021-06JUN, 2021-07JUL, 2021-10OCT, 2021-11NOV, 2021-12DEC, 2022-01JAN, 2022-02FEB, 2022-03MAR, 2022-04APR, 2022-05MAY, 2022-06JUN, 2022-07JUL, 2022-08AUG, 2022-10OCT, 2022-11NOV, 2022-12DEC, 2023-01JAN, 2023-02FEB, 2023-03MAR, 2023-04APR, 2023-05MAY, 2023-06JUN, 2023-07JUL, 2023-08AUG, 2023-10OCT, 2023-11NOV, 2023-12DEC, 2024-01JAN, 2024-02FEB, 2024-03MAR, 2024-04APR, 2024-07JUL",
PUFSVYYR,3,97,0,100.0,"PUFSVYYR, SVYYR, CYEAR","PUFSVYYR, SVYYR","2005-01JAN, 2005-07JUL, 2005-10OCT, 2006-01JAN, 2006-04APR, 2006-07JUL, 2006-10OCT, 2007-01JAN, 2007-04APR, 2007-07JUL, 2007-10OCT, 2008-01JAN, 2008-07JUL, 2008-10OCT, 2009-01JAN, 2009-04APR, 2009-07JUL, 2009-10OCT, 2010-01JAN, 2010-10OCT, 2011-01JAN, 2011-04APR, 2011-07JUL, 2011-10OCT, 2012-01JAN, 2012-04APR, 2012-07JUL, 2012-10OCT, 2013-01JAN, 2013-04APR, 2013-07JUL, 2013-10OCT, 2014-01JAN, 2014-04APR, 2014-07JUL, 2014-10OCT, 2015-01JAN, 2015-04APR, 2015-07JUL, 2015-10OCT, 2016-01JAN, 2016-04APR, 2016-07JUL, 2016-10OCT, 2017-01JAN, 2017-04APR, 2017-07JUL, 2017-10OCT, 2018-01JAN, 2018-04APR, 2018-07JUL, 2018-10OCT, 2019-01JAN, 2019-04APR, 2019-07JUL, 2019-10OCT, 2020-01JAN, 2020-04APR, 2020-07JUL, 2020-10OCT, 2021-01JAN, 2021-02FEB, 2021-03MAR, 2021-04APR, 2021-05MAY, 2021-06JUN, 2021-07JUL, 2021-10OCT, 2021-11NOV, 2021-12DEC, 2022-01JAN, 2022-02FEB, 2022-03MAR, 2022-04APR, 2022-05MAY, 2022-06JUN, 2022-07JUL, 2022-08AUG, 2022-10OCT, 2022-11NOV, 2022-12DEC, 2023-01JAN, 2023-02FEB, 2023-03MAR, 2023-04APR, 2023-05MAY, 2023-06JUN, 2023-07JUL, 2023-08AUG, 2023-10OCT, 2023-11NOV, 2023-12DEC, 2024-01JAN, 2024-02FEB, 2024-03MAR, 2024-04APR, 2024-07JUL",
PUFSVYMO,3,97,0,100.0,"PUFSVYMO, SVYMO, CMONTH","PUFSVYMO, SVYMO","2005-01JAN, 2005-07JUL, 2005-10OCT, 2006-01JAN, 2006-04APR, 2006-07JUL, 2006-10OCT, 2007-01JAN, 2007-04APR, 2007-07JUL, 2007-10OCT, 2008-01JAN, 2008-07JUL, 2008-10OCT, 2009-01JAN, 2009-04APR, 2009-07JUL, 2009-10OCT, 2010-01JAN, 2010-10OCT, 2011-01JAN, 2011-04APR, 2011-07JUL, 2011-10OCT, 2012-01JAN, 2012-04APR, 2012-07JUL, 2012-10OCT, 2013-01JAN, 2013-04APR, 2013-07JUL, 2013-10OCT, 2014-01JAN, 2014-04APR, 2014-07JUL, 2014-10OCT, 2015-01JAN, 2015-04APR, 2015-07JUL, 2015-10OCT, 2016-01JAN, 2016-04APR, 2016-07JUL, 2016-10OCT, 2017-01JAN, 2017-04APR, 2017-07JUL, 2017-10OCT, 2018-01JAN, 2018-04APR, 2018-07JUL, 2018-10OCT, 2019-01JAN, 2019-04APR, 2019-07JUL, 2019-10OCT, 2020-01JAN, 2020-04APR, 2020-07JUL, 2020-10OCT, 2021-01JAN, 2021-02FEB, 2021-03MAR, 2021-04APR, 2021-05MAY, 2021-06JUN, 2021-07JUL, 2021-10OCT, 2021-11NOV, 2021-12DEC, 2022-01JAN, 2022-02FEB, 2022-03MAR, 2022-04APR, 2022-05MAY, 2022-06JUN, 2022-07JUL, 2022-08AUG, 2022-10OCT, 2022-11NOV, 2022-12DEC, 2023-01JAN, 2023-02FEB, 2023-03MAR, 2023-04APR, 2023-05MAY, 2023-06JUN, 2023-07JUL, 2023-08AUG, 2023-10OCT, 2023-11NOV, 2023-12DEC, 2024-01JAN, 2024-02FEB, 2024-03MAR, 2024-04APR, 2024-07JUL",
PUFHHNUM,2,89,8,91.8,"PUFHHNUM, HHNUM","HHNUM, PUFHHNUM","2007-01JAN, 2007-04APR, 2007-07JUL, 2007-10OCT, 2008-01JAN, 2008-07JUL, 2008-10OCT, 2009-01JAN, 2009-04APR, 2009-07JUL, 2009-10OCT, 2010-01JAN, 2010-10OCT, 2011-01JAN, 2011-04APR, 2011-07JUL, 2011-10OCT, 2012-01JAN, 2012-04APR, 2012-07JUL, 2012-10OCT, 2013-01JAN, 2013-04APR, 2013-07JUL, 2013-10OCT, 2014-01JAN, 2014-04APR, 2014-07JUL, 2014-10OCT, 2015-01JAN, 2015-04APR, 2015-07JUL, 2015-10OCT, 2016-01JAN, 2016-04APR, 2016-07JUL, 2016-10OCT, 2017-01JAN, 2017-04APR, 2017-07JUL, 2017-10OCT, 2018-01JAN, 2018-07JUL, 2018-10OCT, 2019-01JAN, 2019-04APR, 2019-07JUL, 2019-10OCT, 2020-01JAN, 2020-04APR, 2020-07JUL, 2020-10OCT, 2021-01JAN, 2021-02FEB, 2021-03MAR, 2021-04APR, 2021-05MAY, 2021-06JUN, 2021-07JUL, 2021-10OCT, 2021-11NOV, 2021-12DEC, 2022-01JAN, 2022-02FEB, 2022-03MAR, 2022-04APR, 2022-05MAY, 2022-06JUN, 2022-07JUL, 2022-08AUG, 2022-10OCT, 2022-11NOV, 2022-12DEC, 2023-01JAN, 2023-02FEB, 2023-03MAR, 2023-04APR, 2023-05MAY, 2023-06JUN, 2023-07JUL, 2023-08AUG, 2023-10OCT, 2023-11NOV, 2023-12DEC, 2024-01JAN, 2024-02FEB, 2024-03MAR, 2024-04APR, 2024-07JUL","2005-01JAN, 2005-07JUL, 2005-10OCT, 2006-01JAN, 2006-04APR, 2006-07JUL, 2006-10OCT, 2018-04APR"
PUFPSU,4,97,0,100.0,"PUFPSU, PSU, PSU_NO, STRATUM","PSU, PUFPSU","2005-01JAN, 2005-07JUL, 2005-10OCT, 2006-01JAN, 2006-04APR, 2006-07JUL, 2006-10OCT, 2007-01JAN, 2007-04APR, 2007-07JUL, 2007-10OCT, 2008-01JAN, 2008-07JUL, 2008-10OCT, 2009-01JAN, 2009-04APR, 2009-07JUL, 2009-10OCT, 2010-01JAN, 2010-10OCT, 2011-01JAN, 2011-04APR, 2011-07JUL, 2011-10OCT, 2012-01JAN, 2012-04APR, 2012-07JUL, 2012-10OCT, 2013-01JAN, 2013-04APR, 2013-07JUL, 2013-10OCT, 2014-01JAN, 2014-04APR, 2014-07JUL, 2014-10OCT, 2015-01JAN, 2015-04APR, 2015-07JUL, 2015-10OCT, 2016-01JAN, 2016-04APR, 2016-07JUL, 2016-10OCT, 2017-01JAN, 2017-04APR, 2017-07JUL, 2017-10OCT, 2018-01JAN, 2018-04APR, 2018-07JUL, 2018-10OCT, 2019-01JAN, 2019-04APR, 2019-07JUL, 2019-10OCT, 2020-01JAN, 2020-04APR, 2020-07JUL, 2020-10OCT, 2021-01JAN, 2021-02FEB, 2021-03MAR, 2021-04APR, 2021-05MAY, 2021-06JUN, 2021-07JUL, 2021-10OCT, 2021-11NOV, 2021-12DEC, 2022-01JAN, 2022-02FEB, 2022-03MAR, 2022-04APR, 2022-05MAY, 2022-06JUN, 2022-07JUL, 2022-08AUG, 2022-10OCT, 2022-11NOV, 2022-12DEC, 2023-01JAN, 2023-02FEB, 2023-03MAR, 2023-04APR, 2023-05MAY, 2023-06JUN, 2023-07JUL, 2023-08AUG, 2023-10OCT, 2023-11NOV, 2023-12DEC, 2024-01JAN, 2024-02FEB, 2024-03MAR, 2024-04APR, 2024-07JUL",
PUFHHSIZE,2,60,37,61.9,"PUFHHSIZE, HHID","HHID, PUFHHSIZE","2012-01JAN, 2012-04APR, 2012-07JUL, 2012-10OCT, 2016-04APR, 2016-07JUL, 2016-10OCT, 2017-01JAN, 2017-04APR, 2017-07JUL, 2017-10OCT, 2018-01JAN, 2018-04APR, 2018-07JUL, 2018-10OCT, 2019-01JAN, 2019-04APR, 2019-07JUL, 2019-10OCT, 2020-01JAN, 2020-04APR, 2020-07JUL, 2020-10OCT, 2021-01JAN, 2021-02FEB, 2021-03MAR, 2021-04APR, 2021-05MAY, 2021-06JUN, 2021-07JUL, 2021-10OCT, 2021-11NOV, 2021-12DEC, 2022-01JAN, 2022-02FEB, 2022-03MAR, 2022-04APR, 2022-05MAY, 2022-06JUN, 2022-07JUL, 2022-08AUG, 2022-10OCT, 2022-11NOV, 2022-12DEC, 2023-01JAN, 2023-02FEB, 2023-03MAR, 2023-04APR, 2023-05MAY, 2023-06JUN, 2023-07JUL, 2023-08AUG, 2023-10OCT, 2023-11NOV, 2023-12DEC, 2024-01JAN, 2024-02FEB, 2024-03MAR, 2024-04APR, 2024-07JUL","2005-01JAN, 2005-07JUL, 2005-10OCT, 2006-01JAN, 2006-04APR, 2006-07JUL, 2006-10OCT, 2007-01JAN, 2007-04APR, 2007-07JUL, 2007-10OCT, 2008-01JAN, 2008-07JUL, 2008-10OCT, 2009-01JAN, 2009-04APR, 2009-07JUL, 2009-10OCT, 2010-01JAN, 2010-10OCT, 2011-01JAN, 2011-04APR, 2011-07JUL, 2011-10OCT, 2013-01JAN, 2013-04APR, 2013-07JUL, 2013-10OCT, 2014-01JAN, 2014-04APR, 2014-07JUL, 2014-10OCT, 2015-01JAN, 2015-04APR, 2015-07JUL, 2015-10OCT, 2016-01JAN"
PUFRPL,2,62,35,63.9,"PUFRPL, CRPM","CRPM, PUFRPL","2005-07JUL, 2005-10OCT, 2006-01JAN, 2006-04APR, 2006-07JUL, 2006-10OCT, 2016-04APR, 2016-07JUL, 2016-10OCT, 2017-01JAN, 2017-04APR, 2017-07JUL, 2017-10OCT, 2018-01JAN, 2018-04APR, 2018-07JUL, 2018-10OCT, 2019-01JAN, 2019-04APR, 2019-07JUL, 2019-10OCT, 2020-01JAN, 2020-04APR, 2020-07JUL, 2020-10OCT, 2021-01JAN, 2021-02FEB, 2021-03MAR, 2021-04APR, 2021-05MAY, 2021-06JUN, 2021-07JUL, 2021-10OCT, 2021-11NOV, 2021-12DEC, 2022-01JAN, 2022-02FEB, 2022-03MAR, 2022-04APR, 2022-05MAY, 2022-06JUN, 2022-07JUL, 2022-08AUG, 2022-10OCT, 2022-11NOV, 2022-12DEC, 2023-01JAN, 2023-02FEB, 2023-03MAR, 2023-04APR, 2023-05MAY, 2023-06JUN, 2023-07JUL, 2023-08AUG, 2023-10OCT, 2023-11NOV, 2023-12DEC, 2024-01JAN, 2024-02FEB, 2024-03MAR, 2024-04APR, 2024-07JUL","2005-01JAN, 2007-01JAN, 2007-04APR, 2007-07JUL, 2007-10OCT, 2008-01JAN, 2008-07JUL, 2008-10OCT, 2009-01JAN, 2009-04APR, 2009-07JUL, 2009-10OCT, 2010-01JAN, 2010-10OCT, 2011-01JAN, 2011-04APR, 2011-07JUL, 2011-10OCT, 2012-01JAN, 2012-04APR, 2012-07JUL, 2012-10OCT, 2013-01JAN, 2013-04APR, 2013-07JUL, 2013-10OCT, 2014-01JAN, 2014-04APR, 2014-07JUL, 2014-10OCT, 2015-01JAN, 2015-04APR, 2015-07JUL, 2015-10OCT, 2016-01JAN"
PUFPWGTPRV,6,97,0,100.0,"PUFPWGTPRV, PUFPWGT, PUFPWGTFIN, CFWGT, FWGT, PWGT","CFWGT, FWGT, PUFPWGTFIN, PUFPWGTPRV, PWGT","2005-01JAN, 2005-07JUL, 2005-10OCT, 2006-01JAN, 2006-04APR, 2006-07JUL, 2006-10OCT, 2007-01JAN, 2007-04APR, 2007-07JUL, 2007-10OCT, 2008-01JAN, 2008-07JUL, 2008-10OCT, 2009-01JAN, 2009-04APR, 2009-07JUL, 2009-10OCT, 2010-01JAN, 2010-10OCT, 2011-01JAN, 2011-04APR, 2011-07JUL, 2011-10OCT, 2012-01JAN, 2012-04APR, 2012-07JUL, 2012-10OCT, 2013-01JAN, 2013-04APR, 2013-07JUL, 2013-10OCT, 2014-01JAN, 2014-04APR, 2014-07JUL, 2014-10OCT, 2015-01JAN, 2015-04APR, 2015-07JUL, 2015-10OCT, 2016-01JAN, 2016-04APR, 2016-07JUL, 2016-10OCT, 2017-01JAN, 2017-04APR, 2017-07JUL, 2017-10OCT, 2018-01JAN, 2018-04APR, 2018-07JUL, 2018-10OCT, 2019-01JAN, 2019-04APR, 2019-07JUL, 2019-10OCT, 2020-01JAN, 2020-04APR, 2020-07JUL, 2020-10OCT, 2021-01JAN, 2021-02FEB, 2021-03MAR, 2021-04APR, 2021-05MAY, 2021-06JUN, 2021-07JUL, 2021-10OCT, 2021-11NOV, 2021-12DEC, 2022-01JAN, 2022-02FEB, 2022-03MAR, 2022-04APR, 2022-05MAY, 2022-06JUN, 2022-07JUL, 2022-08AUG, 2022-10OCT, 2022-11NOV, 2022-12DEC, 2023-01JAN, 2023-02FEB, 2023-03MAR, 2023-04APR, 2023-05MAY, 2023-06JUN, 2023-07JUL, 2023-08AUG, 2023-10OCT, 2023-11NOV, 2023-12DEC, 2024-01JAN, 2024-02FEB, 2024-03MAR, 2024-04APR, 2024-07JUL",
PUFC01_LNO,5,97,0,100.0,"PUFC01_LNO, C101_LNO, CC101_LNO, C04_LNO, A01_LNO","C04_LNO, C101_LNO, CC101_LNO, PUFC01_LNO","2005-01JAN, 2005-07JUL, 2005-10OCT, 2006-01JAN, 2006-04APR, 2006-07JUL, 2006-10OCT, 2007-01JAN, 2007-04APR, 2007-07JUL, 2007-10OCT, 2008-01JAN, 2008-07JUL, 2008-10OCT, 2009-01JAN, 2009-04APR, 2009-07JUL, 2009-10OCT, 2010-01JAN, 2010-10OCT, 2011-01JAN, 2011-04APR, 2011-07JUL, 2011-10OCT, 2012-01JAN, 2012-04APR, 2012-07JUL, 2012-10OCT, 2013-01JAN, 2013-04APR, 2013-07JUL, 2013-10OCT, 2014-01JAN, 2014-04APR, 2014-07JUL, 2014-10OCT, 2015-01JAN, 2015-04APR, 2015-07JUL, 2015-10OCT, 2016-01JAN, 2016-04APR, 2016-07JUL, 2016-10OCT, 2017-01JAN, 2017-04APR, 2017-07JUL, 2017-10OCT, 2018-01JAN, 2018-04APR, 2018-07JUL, 2018-10OCT, 2019-01JAN, 2019-04APR, 2019-07JUL, 2019-10OCT, 2020-01JAN, 2020-04APR, 2020-07JUL, 2020-10OCT, 2021-01JAN, 2021-02FEB, 2021-03MAR, 2021-04APR, 2021-05MAY, 2021-06JUN, 2021-07JUL, 2021-10OCT, 2021-11NOV, 2021-12DEC, 2022-01JAN, 2022-02FEB, 2022-03MAR, 2022-04APR, 2022-05MAY, 2022-06JUN, 2022-07JUL, 2022-08AUG, 2022-10OCT, 2022-11NOV, 2022-12DEC, 2023-01JAN, 2023-02FEB, 2023-03MAR, 2023-04APR, 2023-05MAY, 2023-06JUN, 2023-07JUL, 2023-08AUG, 2023-10OCT, 2023-11NOV, 2023-12DEC, 2024-01JAN, 2024-02FEB, 2024-03MAR, 2024-04APR, 2024-07JUL",
PUFC03_REL,5,97,0,100.0,"PUFC03_REL, C05_REL, CC05_REL, C03_NEWMEM, CC03_NEWMEM","C05_REL, CC05_REL, PUFC03_REL","2005-01JAN, 2005-07JUL, 2005-10OCT, 2006-01JAN, 2006-04APR, 2006-07JUL, 2006-10OCT, 2007-01JAN, 2007-04APR, 2007-07JUL, 2007-10OCT, 2008-01JAN, 2008-07JUL, 2008-10OCT, 2009-01JAN, 2009-04APR, 2009-07JUL, 2009-10OCT, 2010-01JAN, 2010-10OCT, 2011-01JAN, 2011-04APR, 2011-07JUL, 2011-10OCT, 2012-01JAN, 2012-04APR, 2012-07JUL, 2012-10OCT, 2013-01JAN, 2013-04APR, 2013-07JUL, 2013-10OCT, 2014-01JAN, 2014-04APR, 2014-07JUL, 2014-10OCT, 2015-01JAN, 2015-04APR, 2015-07JUL, 2015-10OCT, 2016-01JAN, 2016-04APR, 2016-07JUL, 2016-10OCT, 2017-01JAN, 2017-04APR, 2017-07JUL, 2017-10OCT, 2018-01JAN, 2018-04APR, 2018-07JUL, 2018-10OCT, 2019-01JAN, 2019-04APR, 2019-07JUL, 2019-10OCT, 2020-01JAN, 2020-04APR, 2020-07JUL, 2020-10OCT, 2021-01JAN, 2021-02FEB, 2021-03MAR, 2021-04APR, 2021-05MAY, 2021-06JUN, 2021-07JUL, 2021-10OCT, 2021-11NOV, 2021-12DEC, 2022-01JAN, 2022-02FEB, 2022-03MAR, 2022-04APR, 2022-05MAY, 2022-06JUN, 2022-07JUL, 2022-08AUG, 2022-10OCT, 2022-11NOV, 2022-12DEC, 2023-01JAN, 2023-02FEB, 2023-03MAR, 2023-04APR, 2023-05MAY, 2023-06JUN, 2023-07JUL, 2023-08AUG, 2023-10OCT, 2023-11NOV, 2023-12DEC, 2024-01JAN, 2024-02FEB, 2024-03MAR, 2024-04APR, 2024-07JUL",
PUFC04_SEX,3,97,0,100.0,"PUFC04_SEX, C06_SEX, CC06_SEX","C06_SEX, CC06_SEX, PUFC04_SEX","2005-01JAN, 2005-07JUL, 2005-10OCT, 2006-01JAN, 2006-04APR, 2006-07JUL, 2006-10OCT, 2007-01JAN, 2007-04APR, 2007-07JUL, 2007-10OCT, 2008-01JAN, 2008-07JUL, 2008-10OCT, 2009-01JAN, 2009-04APR, 2009-07JUL, 2009-10OCT, 2010-01JAN, 2010-10OCT, 2011-01JAN, 2011-04APR, 2011-07JUL, 2011-10OCT, 2012-01JAN, 2012-04APR, 2012-07JUL, 2012-10OCT, 2013-01JAN, 2013-04APR, 2013-07JUL, 2013-10OCT, 2014-01JAN, 2014-04APR, 2014-07JUL, 2014-10OCT, 2015-01JAN, 2015-04APR, 2015-07JUL, 2015-10OCT, 2016-01JAN, 2016-04APR, 2016-07JUL, 2016-10OCT, 2017-01JAN, 2017-04APR, 2017-07JUL, 2017-10OCT, 2018-01JAN, 2018-04APR, 2018-07JUL, 2018-10OCT, 2019-01JAN, 2019-04APR, 2019-07JUL, 2019-10OCT, 2020-01JAN, 2020-04APR, 2020-07JUL, 2020-10OCT, 2021-01JAN, 2021-02FEB, 2021-03MAR, 2021-04APR, 2021-05MAY, 2021-06JUN, 2021-07JUL, 2021-10OCT, 2021-11NOV, 2021-12DEC, 2022-01JAN, 2022-02FEB, 2022-03MAR, 2022-04APR, 2022-05MAY, 2022-06JUN, 2022-07JUL, 2022-08AUG, 2022-10OCT, 2022-11NOV, 2022-12DEC, 2023-01JAN, 2023-02FEB, 2023-03MAR, 2023-04APR, 2023-05MAY, 2023-06JUN, 2023-07JUL, 2023-08AUG, 2023-10OCT, 2023-11NOV, 2023-12DEC, 2024-01JAN, 2024-02FEB, 2024-03MAR, 2024-04APR, 2024-07JUL",
PUFC05_AGE,3,97,0,100.0,"PUFC05_AGE, C07_AGE, CC07_AGE","C07_AGE, CC07_AGE, PUFC05_AGE","2005-01JAN, 2005-07JUL, 2005-10OCT, 2006-01JAN, 2006-04APR, 2006-07JUL, 2006-10OCT, 2007-01JAN, 2007-04APR, 2007-07JUL, 2007-10OCT, 2008-01JAN, 2008-07JUL, 2008-10OCT, 2009-01JAN, 2009-04APR, 2009-07JUL, 2009-10OCT, 2010-01JAN, 2010-10OCT, 2011-01JAN, 2011-04APR, 2011-07JUL, 2011-10OCT, 2012-01JAN, 2012-04APR, 2012-07JUL, 2012-10OCT, 2013-01JAN, 2013-04APR, 2013-07JUL, 2013-10OCT, 2014-01JAN, 2014-04APR, 2014-07JUL, 2014-10OCT, 2015-01JAN, 2015-04APR, 2015-07JUL, 2015-10OCT, 2016-01JAN, 2016-04APR, 2016-07JUL, 2016-10OCT, 2017-01JAN, 2017-04APR, 2017-07JUL, 2017-10OCT, 2018-01JAN, 2018-04APR, 2018-07JUL, 2018-10OCT, 2019-01JAN, 2019-04APR, 2019-07JUL, 2019-10OCT, 2020-01JAN, 2020-04APR, 2020-07JUL, 2020-10OCT, 2021-01JAN, 2021-02FEB, 2021-03MAR, 2021-04APR, 2021-05MAY, 2021-06JUN, 2021-07JUL, 2021-10OCT, 2021-11NOV, 2021-12DEC, 2022-01JAN, 2022-02FEB, 2022-03MAR, 2022-04APR, 2022-05MAY, 2022-06JUN, 2022-07JUL, 2022-08AUG, 2022-10OCT, 2022-11NOV, 2022-12DEC, 2023-01JAN, 2023-02FEB, 2023-03MAR, 2023-04APR, 2023-05MAY, 2023-06JUN, 2023-07JUL, 2023-08AUG, 2023-10OCT, 2023-11NOV, 2023-12DEC, 2024-01JAN, 2024-02FEB, 2024-03MAR, 2024-04APR, 2024-07JUL",
PUFC06_MSTAT,5,97,0,100.0,"PUFC06_MSTAT, C08_MSTAT, C08_MS, CC08_MSTAT, CC08_MS","C08_MS, C08_MSTAT, CC08_MSTAT, PUFC06_MSTAT","2005-01JAN, 2005-07JUL, 2005-10OCT, 2006-01JAN, 2006-04APR, 2006-07JUL, 2006-10OCT, 2007-01JAN, 2007-04APR, 2007-07JUL, 2007-10OCT, 2008-01JAN, 2008-07JUL, 2008-10OCT, 2009-01JAN, 2009-04APR, 2009-07JUL, 2009-10OCT, 2010-01JAN, 2010-10OCT, 2011-01JAN, 2011-04APR, 2011-07JUL, 2011-10OCT, 2012-01JAN, 2012-04APR, 2012-07JUL, 2012-10OCT, 2013-01JAN, 2013-04APR, 2013-07JUL, 2013-10OCT, 2014-01JAN, 2014-04APR, 2014-07JUL, 2014-10OCT, 2015-01JAN, 2015-04APR, 2015-07JUL, 2015-10OCT, 2016-01JAN, 2016-04APR, 2016-07JUL, 2016-10OCT, 2017-01JAN, 2017-04APR, 2017-07JUL, 2017-10OCT, 2018-01JAN, 2018-04APR, 2018-07JUL, 2018-10OCT, 2019-01JAN, 2019-04APR, 2019-07JUL, 2019-10OCT, 2020-01JAN, 2020-04APR, 2020-07JUL, 2020-10OCT, 2021-01JAN, 2021-02FEB, 2021-03MAR, 2021-04APR, 2021-05MAY, 2021-06JUN, 2021-07JUL, 2021-10OCT, 2021-11NOV, 2021-12DEC, 2022-01JAN, 2022-02FEB, 2022-03MAR, 2022-04APR, 2022-05MAY, 2022-06JUN, 2022-07JUL, 2022-08AUG, 2022-10OCT, 2022-11NOV, 2022-12DEC, 2023-01JAN, 2023-02FEB, 2023-03MAR, 2023-04APR, 2023-05MAY, 2023-06JUN, 2023-07JUL, 2023-08AUG, 2023-10OCT, 2023-11NOV, 2023-12DEC, 2024-01JAN, 2024-02FEB, 2024-03MAR, 2024-04APR, 2024-07JUL",
PUFC07_GRADE,5,97,0,100.0,"PUFC07_GRADE, J12C09_GRADE, C09_GRD, C09_GRADE, CC09_GRADE","C09_GRADE, C09_GRD, CC09_GRADE, J12C09_GRADE, PUFC07_GRADE","2005-01JAN, 2005-07JUL, 2005-10OCT, 2006-01JAN, 2006-04APR, 2006-07JUL, 2006-10OCT, 2007-01JAN, 2007-04APR, 2007-07JUL, 2007-10OCT, 2008-01JAN, 2008-07JUL, 2008-10OCT, 2009-01JAN, 2009-04APR, 2009-07JUL, 2009-10OCT, 2010-01JAN, 2010-10OCT, 2011-01JAN, 2011-04APR, 2011-07JUL, 2011-10OCT, 2012-01JAN, 2012-04APR, 2012-07JUL, 2012-10OCT, 2013-01JAN, 2013-04APR, 2013-07JUL, 2013-10OCT, 2014-01JAN, 2014-04APR, 2014-07JUL, 2014-10OCT, 2015-01JAN, 2015-04APR, 2015-07JUL, 2015-10OCT, 2016-01JAN, 2016-04APR, 2016-07JUL, 2016-10OCT, 2017-01JAN, 2017-04APR, 2017-07JUL, 2017-10OCT, 2018-01JAN, 2018-04APR, 2018-07JUL, 2018-10OCT, 2019-01JAN, 2019-04APR, 2019-07JUL, 2019-10OCT, 2020-01JAN, 2020-04APR, 2020-07JUL, 2020-10OCT, 2021-01JAN, 2021-02FEB, 2021-03MAR, 2021-04APR, 2021-05MAY, 2021-06JUN, 2021-07JUL, 2021-10OCT, 2021-11NOV, 2021-12DEC, 2022-01JAN, 2022-02FEB, 2022-03MAR, 2022-04APR, 2022-05MAY, 2022-06JUN, 2022-07JUL, 2022-08AUG, 2022-10OCT, 2022-11NOV, 2022-12DEC, 2023-01JAN, 2023-02FEB, 2023-03MAR, 2023-04APR, 2023-05MAY, 2023-06JUN, 2023-07JUL, 2023-08AUG, 2023-10OCT, 2023-11NOV, 2023-12DEC, 2024-01JAN, 2024-02FEB, 2024-03MAR, 2024-04APR, 2024-07JUL",
PUFC08_CURSCH,3,74,23,76.3,"PUFC08_CURSCH, A02_CURSCH, A02_CSCH","A02_CSCH, A02_CURSCH, PUFC08_CURSCH","2005-07JUL, 2005-10OCT, 2006-01JAN, 2006-04APR, 2006-07JUL, 2006-10OCT, 2007-01JAN, 2007-04APR, 2007-07JUL, 2007-10OCT, 2008-01JAN, 2008-07JUL, 2008-10OCT, 2009-01JAN, 2009-04APR, 2009-07JUL, 2009-10OCT, 2010-01JAN, 2010-10OCT, 2011-01JAN, 2011-04APR, 2011-07JUL, 2011-10OCT, 2012-01JAN, 2012-04APR, 2012-07JUL, 2012-10OCT, 2013-01JAN, 2013-04APR, 2013-07JUL, 2013-10OCT, 2014-01JAN, 2014-04APR, 2014-07JUL, 2014-10OCT, 2015-01JAN, 2015-04APR, 2015-07JUL, 2015-10OCT, 2016-01JAN, 2016-04APR, 2016-07JUL, 2016-10OCT, 2017-01JAN, 2017-04APR, 2017-07JUL, 2017-10OCT, 2018-01JAN, 2018-04APR, 2018-07JUL, 2018-10OCT, 2019-01JAN, 2019-04APR, 2019-07JUL, 2019-10OCT, 2020-01JAN, 2020-04APR, 2020-07JUL, 2020-10OCT, 2021-01JAN, 2021-04APR, 2021-07JUL, 2021-10OCT, 2022-01JAN, 2022-04APR, 2022-07JUL, 2022-10OCT, 2023-01JAN, 2023-04APR, 2023-07JUL, 2023-10OCT, 2024-01JAN, 2024-04APR, 2024-07JUL","2005-01JAN, 2021-02FEB, 2021-03MAR, 2021-05MAY, 2021-06JUN, 2021-11NOV, 2021-12DEC, 2022-02FEB, 2022-03MAR, 2022-05MAY, 2022-06JUN, 2022-08AUG, 2022-11NOV, 2022-12DEC, 2023-02FEB, 2023-03MAR, 2023-05MAY, 2023-06JUN, 2023-08AUG, 2023-11NOV, 2023-12DEC, 2024-02FEB, 2024-03MAR"
PUFC09_GRADTECH,3,51,46,52.6,"PUFC09_GRADTECH, J12C11_GRADTECH, J12C11COURSE","J12C11_GRADTECH, PUFC09_GRADTECH","2012-01JAN, 2012-04APR, 2012-07JUL, 2012-10OCT, 2013-01JAN, 2013-04APR, 2013-07JUL, 2013-10OCT, 2014-01JAN, 2014-04APR, 2014-07JUL, 2014-10OCT, 2015-01JAN, 2015-04APR, 2015-07JUL, 2015-10OCT, 2016-01JAN, 2016-04APR, 2016-07JUL, 2016-10OCT, 2017-01JAN, 2017-04APR, 2017-07JUL, 2017-10OCT, 2018-01JAN, 2018-04APR, 2018-07JUL, 2018-10OCT, 2019-01JAN, 2019-04APR, 2019-07JUL, 2019-10OCT, 2020-01JAN, 2020-04APR, 2020-07JUL, 2020-10OCT, 2021-01JAN, 2021-04APR, 2021-07JUL, 2021-10OCT, 2022-01JAN, 2022-04APR, 2022-07JUL, 2022-10OCT, 2023-01JAN, 2023-04APR, 2023-07JUL, 2023-10OCT, 2024-01JAN, 2024-04APR, 2024-07JUL","2005-01JAN, 2005-07JUL, 2005-10OCT, 2006-01JAN, 2006-04APR, 2006-07JUL, 2006-10OCT, 2007-01JAN, 2007-04APR, 2007-07JUL, 2007-10OCT, 2008-01JAN, 2008-07JUL, 2008-10OCT, 2009-01JAN, 2009-04APR, 2009-07JUL, 2009-10OCT, 2010-01JAN, 2010-10OCT, 2011-01JAN, 2011-04APR, 2011-07JUL, 2011-10OCT, 2021-02FEB, 2021-03MAR, 2021-05MAY, 2021-06JUN, 2021-11NOV, 2021-12DEC, 2022-02FEB, 2022-03MAR, 2022-05MAY, 2022-06JUN, 2022-08AUG, 2022-11NOV, 2022-12DEC, 2023-02FEB, 2023-03MAR, 2023-05MAY, 2023-06JUN, 2023-08AUG, 2023-11NOV, 2023-12DEC, 2024-02FEB, 2024-03MAR"
PUFC10_CONWR,5,97,0,100.0,"PUFC10_CONWR, PUFC08_CONWR, C10_CONWR, C10_CNWR, CC10_CONWR","C10_CNWR, C10_CONWR, CC10_CONWR, PUFC08_CONWR, PUFC10_CONWR","2005-01JAN, 2005-07JUL, 2005-10OCT, 2006-01JAN, 2006-04APR, 2006-07JUL, 2006-10OCT, 2007-01JAN, 2007-04APR, 2007-07JUL, 2007-10OCT, 2008-01JAN, 2008-07JUL, 2008-10OCT, 2009-01JAN, 2009-04APR, 2009-07JUL, 2009-10OCT, 2010-01JAN, 2010-10OCT, 2011-01JAN, 2011-04APR, 2011-07JUL, 2011-10OCT, 2012-01JAN, 2012-04APR, 2012-07JUL, 2012-10OCT, 2013-01JAN, 2013-04APR, 2013-07JUL, 2013-10OCT, 2014-01JAN, 2014-04APR, 2014-07JUL, 2014-10OCT, 2015-01JAN, 2015-04APR, 2015-07JUL, 2015-10OCT, 2016-01JAN, 2016-04APR, 2016-07JUL, 2016-10OCT, 2017-01JAN, 2017-04APR, 2017-07JUL, 2017-10OCT, 2018-01JAN, 2018-04APR, 2018-07JUL, 2018-10OCT, 2019-01JAN, 2019-04APR, 2019-07JUL, 2019-10OCT, 2020-01JAN, 2020-04APR, 2020-07JUL, 2020-10OCT, 2021-01JAN, 2021-02FEB, 2021-03MAR, 2021-04APR, 2021-05MAY, 2021-06JUN, 2021-07JUL, 2021-10OCT, 2021-11NOV, 2021-12DEC, 2022-01JAN, 2022-02FEB, 2022-03MAR, 2022-04APR, 2022-05MAY, 2022-06JUN, 2022-07JUL, 2022-08AUG, 2022-10OCT, 2022-11NOV, 2022-12DEC, 2023-01JAN, 2023-02FEB, 2023-03MAR, 2023-04APR, 2023-05MAY, 2023-06JUN, 2023-07JUL, 2023-08AUG, 2023-10OCT, 2023-11NOV, 2023-12DEC, 2024-01JAN, 2024-02FEB, 2024-03MAR, 2024-04APR, 2024-07JUL",
PUFC11_WORK,6,97,0,100.0,"PUFC11_WORK, PUFC09_WORK, C13_WORK, CC13_WORK, CC01_WORK, B01_WORK","C13_WORK, CC13_WORK, PUFC09_WORK, PUFC11_WORK","2005-01JAN, 2005-07JUL, 2005-10OCT, 2006-01JAN, 2006-04APR, 2006-07JUL, 2006-10OCT, 2007-01JAN, 2007-04APR, 2007-07JUL, 2007-10OCT, 2008-01JAN, 2008-07JUL, 2008-10OCT, 2009-01JAN, 2009-04APR, 2009-07JUL, 2009-10OCT, 2010-01JAN, 2010-10OCT, 2011-01JAN, 2011-04APR, 2011-07JUL, 2011-10OCT, 2012-01JAN, 2012-04APR, 2012-07JUL, 2012-10OCT, 2013-01JAN, 2013-04APR, 2013-07JUL, 2013-10OCT, 2014-01JAN, 2014-04APR, 2014-07JUL, 2014-10OCT, 2015-01JAN, 2015-04APR, 2015-07JUL, 2015-10OCT, 2016-01JAN, 2016-04APR, 2016-07JUL, 2016-10OCT, 2017-01JAN, 2017-04APR, 2017-07JUL, 2017-10OCT, 2018-01JAN, 2018-04APR, 2018-07JUL, 2018-10OCT, 2019-01JAN, 2019-04APR, 2019-07JUL, 2019-10OCT, 2020-01JAN, 2020-04APR, 2020-07JUL, 2020-10OCT, 2021-01JAN, 2021-02FEB, 2021-03MAR, 2021-04APR, 2021-05MAY, 2021-06JUN, 2021-07JUL, 2021-10OCT, 2021-11NOV, 2021-12DEC, 2022-01JAN, 2022-02FEB, 2022-03MAR, 2022-04APR, 2022-05MAY, 2022-06JUN, 2022-07JUL, 2022-08AUG, 2022-10OCT, 2022-11NOV, 2022-12DEC, 2023-01JAN, 2023-02FEB, 2023-03MAR, 2023-04APR, 2023-05MAY, 2023-06JUN, 2023-07JUL, 2023-08AUG, 2023-10OCT, 2023-11NOV, 2023-12DEC, 2024-01JAN, 2024-02FEB, 2024-03MAR, 2024-04APR, 2024-07JUL",
PUFC12_JOB,6,97,0,100.0,"PUFC12_JOB, PUFC10_JOB, C14_JOB, CC14_JOB, CC02_JOB, B02_JOB","C14_JOB, CC14_JOB, PUFC10_JOB, PUFC12_JOB","2005-01JAN, 2005-07JUL, 2005-10OCT, 2006-01JAN, 2006-04APR, 2006-07JUL, 2006-10OCT, 2007-01JAN, 2007-04APR, 2007-07JUL, 2007-10OCT, 2008-01JAN, 2008-07JUL, 2008-10OCT, 2009-01JAN, 2009-04APR, 2009-07JUL, 2009-10OCT, 2010-01JAN, 2010-10OCT, 2011-01JAN, 2011-04APR, 2011-07JUL, 2011-10OCT, 2012-01JAN, 2012-04APR, 2012-07JUL, 2012-10OCT, 2013-01JAN, 2013-04APR, 2013-07JUL, 2013-10OCT, 2014-01JAN, 2014-04APR, 2014-07JUL, 2014-10OCT, 2015-01JAN, 2015-04APR, 2015-07JUL, 2015-10OCT, 2016-01JAN, 2016-04APR, 2016-07JUL, 2016-10OCT, 2017-01JAN, 2017-04APR, 2017-07JUL, 2017-10OCT, 2018-01JAN, 2018-04APR, 2018-07JUL, 2018-10OCT, 2019-01JAN, 2019-04APR, 2019-07JUL, 2019-10OCT, 2020-01JAN, 2020-04APR, 2020-07JUL, 2020-10OCT, 2021-01JAN, 2021-02FEB, 2021-03MAR, 2021-04APR, 2021-05MAY, 2021-06JUN, 2021-07JUL, 2021-10OCT, 2021-11NOV, 2021-12DEC, 2022-01JAN, 2022-02FEB, 2022-03MAR, 2022-04APR, 2022-05MAY, 2022-06JUN, 2022-07JUL, 2022-08AUG, 2022-10OCT, 2022-11NOV, 2022-12DEC, 2023-01JAN, 2023-02FEB, 2023-03MAR, 2023-04APR, 2023-05MAY, 2023-06JUN, 2023-07JUL, 2023-08AUG, 2023-10OCT, 2023-11NOV, 2023-12DEC, 2024-01JAN, 2024-02FEB, 2024-03MAR, 2024-04APR, 2024-07JUL",
PUFNEWEMPSTAT,5,97,0,100.0,"PUFNEWEMPSTAT, NEWEMPSTAT, CEMPST1, CEMPST2, NEWEMPST","CEMPST1, NEWEMPSTAT, PUFNEWEMPSTAT","2005-01JAN, 2005-07JUL, 2005-10OCT, 2006-01JAN, 2006-04APR, 2006-07JUL, 2006-10OCT, 2007-01JAN, 2007-04APR, 2007-07JUL, 2007-10OCT, 2008-01JAN, 2008-07JUL, 2008-10OCT, 2009-01JAN, 2009-04APR, 2009-07JUL, 2009-10OCT, 2010-01JAN, 2010-10OCT, 2011-01JAN, 2011-04APR, 2011-07JUL, 2011-10OCT, 2012-01JAN, 2012-04APR, 2012-07JUL, 2012-10OCT, 2013-01JAN, 2013-04APR, 2013-07JUL, 2013-10OCT, 2014-01JAN, 2014-04APR, 2014-07JUL, 2014-10OCT, 2015-01JAN, 2015-04APR, 2015-07JUL, 2015-10OCT, 2016-01JAN, 2016-04APR, 2016-07JUL, 2016-10OCT, 2017-01JAN, 2017-04APR, 2017-07JUL, 2017-10OCT, 2018-01JAN, 2018-04APR, 2018-07JUL, 2018-10OCT, 2019-01JAN, 2019-04APR, 2019-07JUL, 2019-10OCT, 2020-01JAN, 2020-04APR, 2020-07JUL, 2020-10OCT, 2021-01JAN, 2021-02FEB, 2021-03MAR, 2021-04APR, 2021-05MAY, 2021-06JUN, 2021-07JUL, 2021-10OCT, 2021-11NOV, 2021-12DEC, 2022-01JAN, 2022-02FEB, 2022-03MAR, 2022-04APR, 2022-05MAY, 2022-06JUN, 2022-07JUL, 2022-08AUG, 2022-10OCT, 2022-11NOV, 2022-12DEC, 2023-01JAN, 2023-02FEB, 2023-03MAR, 2023-04APR, 2023-05MAY, 2023-06JUN, 2023-07JUL, 2023-08AUG, 2023-10OCT, 2023-11NOV, 2023-12DEC, 2024-01JAN, 2024-02FEB, 2024-03MAR, 2024-04APR, 2024-07JUL",
PUFC14_PROCC,10,97,0,100.0,"PUFC14_PROCC, PUFC13_PROCC, C16_PROCC, C16_PROC, CC16_PROCC, C16F2_PROCC, C16L2_PROCC, CC12_USOCC, J01_USOCC, J01_USOC","C16F2_PROCC, C16_PROC, C16_PROCC, CC16_PROCC, PUFC13_PROCC, PUFC14_PROCC","2005-01JAN, 2005-07JUL, 2005-10OCT, 2006-01JAN, 2006-04APR, 2006-07JUL, 2006-10OCT, 2007-01JAN, 2007-04APR, 2007-07JUL, 2007-10OCT, 2008-01JAN, 2008-07JUL, 2008-10OCT, 2009-01JAN, 2009-04APR, 2009-07JUL, 2009-10OCT, 2010-01JAN, 2010-10OCT, 2011-01JAN, 2011-04APR, 2011-07JUL, 2011-10OCT, 2012-01JAN, 2012-04APR, 2012-07JUL, 2012-10OCT, 2013-01JAN, 2013-04APR, 2013-07JUL, 2013-10OCT, 2014-01JAN, 2014-04APR, 2014-07JUL, 2014-10OCT, 2015-01JAN, 2015-04APR, 2015-07JUL, 2015-10OCT, 2016-01JAN, 2016-04APR, 2016-07JUL, 2016-10OCT, 2017-01JAN, 2017-04APR, 2017-07JUL, 2017-10OCT, 2018-01JAN, 2018-04APR, 2018-07JUL, 2018-10OCT, 2019-01JAN, 2019-04APR, 2019-07JUL, 2019-10OCT, 2020-01JAN, 2020-04APR, 2020-07JUL, 2020-10OCT, 2021-01JAN, 2021-02FEB, 2021-03MAR, 2021-04APR, 2021-05MAY, 2021-06JUN, 2021-07JUL, 2021-10OCT, 2021-11NOV, 2021-12DEC, 2022-01JAN, 2022-02FEB, 2022-03MAR, 2022-04APR, 2022-05MAY, 2022-06JUN, 2022-07JUL, 2022-08AUG, 2022-10OCT, 2022-11NOV, 2022-12DEC, 2023-01JAN, 2023-02FEB, 2023-03MAR, 2023-04APR, 2023-05MAY, 2023-06JUN, 2023-07JUL, 2023-08AUG, 2023-10OCT, 2023-11NOV, 2023-12DEC, 2024-01JAN, 2024-02FEB, 2024-03MAR, 2024-04APR, 2024-07JUL",
PUFC16_PKB,8,97,0,100.0,"PUFC16_PKB, PUFC15_PKB, C18_PKB, CC18_PKB, C18F2_PKB, C18L2_PKB, CC06_IND, J03_OKB","C18F2_PKB, C18_PKB, CC18_PKB, PUFC15_PKB, PUFC16_PKB","2005-01JAN, 2005-07JUL, 2005-10OCT, 2006-01JAN, 2006-04APR, 2006-07JUL, 2006-10OCT, 2007-01JAN, 2007-04APR, 2007-07JUL, 2007-10OCT, 2008-01JAN, 2008-07JUL, 2008-10OCT, 2009-01JAN, 2009-04APR, 2009-07JUL, 2009-10OCT, 2010-01JAN, 2010-10OCT, 2011-01JAN, 2011-04APR, 2011-07JUL, 2011-10OCT, 2012-01JAN, 2012-04APR, 2012-07JUL, 2012-10OCT, 2013-01JAN, 2013-04APR, 2013-07JUL, 2013-10OCT, 2014-01JAN, 2014-04APR, 2014-07JUL, 2014-10OCT, 2015-01JAN, 2015-04APR, 2015-07JUL, 2015-10OCT, 2016-01JAN, 2016-04APR, 2016-07JUL, 2016-10OCT, 2017-01JAN, 2017-04APR, 2017-07JUL, 2017-10OCT, 2018-01JAN, 2018-04APR, 2018-07JUL, 2018-10OCT, 2019-01JAN, 2019-04APR, 2019-07JUL, 2019-10OCT, 2020-01JAN, 2020-04APR, 2020-07JUL, 2020-10OCT, 2021-01JAN, 2021-02FEB, 2021-03MAR, 2021-04APR, 2021-05MAY, 2021-06JUN, 2021-07JUL, 2021-10OCT, 2021-11NOV, 2021-12DEC, 2022-01JAN, 2022-02FEB, 2022-03MAR, 2022-04APR, 2022-05MAY, 2022-06JUN, 2022-07JUL, 2022-08AUG, 2022-10OCT, 2022-11NOV, 2022-12DEC, 2023-01JAN, 2023-02FEB, 2023-03MAR, 2023-04APR, 2023-05MAY, 2023-06JUN, 2023-07JUL, 2023-08AUG, 2023-10OCT, 2023-11NOV, 2023-12DEC, 2024-01JAN, 2024-02FEB, 2024-03MAR, 2024-04APR, 2024-07JUL",
PUFC17_NATEM,5,97,0,100.0,"PUFC17_NATEM, PUFC16_NATEM, C20_NATEM, C20_NTEM, CC20_NATEM","C20_NATEM, C20_NTEM, CC20_NATEM, PUFC16_NATEM, PUFC17_NATEM","2005-01JAN, 2005-07JUL, 2005-10OCT, 2006-01JAN, 2006-04APR, 2006-07JUL, 2006-10OCT, 2007-01JAN, 2007-04APR, 2007-07JUL, 2007-10OCT, 2008-01JAN, 2008-07JUL, 2008-10OCT, 2009-01JAN, 2009-04APR, 2009-07JUL, 2009-10OCT, 2010-01JAN, 2010-10OCT, 2011-01JAN, 2011-04APR, 2011-07JUL, 2011-10OCT, 2012-01JAN, 2012-04APR, 2012-07JUL, 2012-10OCT, 2013-01JAN, 2013-04APR, 2013-07JUL, 2013-10OCT, 2014-01JAN, 2014-04APR, 2014-07JUL, 2014-10OCT, 2015-01JAN, 2015-04APR, 2015-07JUL, 2015-10OCT, 2016-01JAN, 2016-04APR, 2016-07JUL, 2016-10OCT, 2017-01JAN, 2017-04APR, 2017-07JUL, 2017-10OCT, 2018-01JAN, 2018-04APR, 2018-07JUL, 2018-10OCT, 2019-01JAN, 2019-04APR, 2019-07JUL, 2019-10OCT, 2020-01JAN, 2020-04APR, 2020-07JUL, 2020-10OCT, 2021-01JAN, 2021-02FEB, 2021-03MAR, 2021-04APR, 2021-05MAY, 2021-06JUN, 2021-07JUL, 2021-10OCT, 2021-11NOV, 2021-12DEC, 2022-01JAN, 2022-02FEB, 2022-03MAR, 2022-04APR, 2022-05MAY, 2022-06JUN, 2022-07JUL, 2022-08AUG, 2022-10OCT, 2022-11NOV, 2022-12DEC, 2023-01JAN, 2023-02FEB, 2023-03MAR, 2023-04APR, 2023-05MAY, 2023-06JUN, 2023-07JUL, 2023-08AUG, 2023-10OCT, 2023-11NOV, 2023-12DEC, 2024-01JAN, 2024-02FEB, 2024-03MAR, 2024-04APR, 2024-07JUL",
PUFC18_PNWHRS,6,97,0,100.0,"PUFC18_PNWHRS, PUFC17_PNWHRS, C21_PNWHRS, C21_PWHR, CC21_PNWHRS, CC18_PNWHRS","C21_PNWHRS, C21_PWHR, CC21_PNWHRS, PUFC17_PNWHRS, PUFC18_PNWHRS","2005-01JAN, 2005-07JUL, 2005-10OCT, 2006-01JAN, 2006-04APR, 2006-07JUL, 2006-10OCT, 2007-01JAN, 2007-04APR, 2007-07JUL, 2007-10OCT, 2008-01JAN, 2008-07JUL, 2008-10OCT, 2009-01JAN, 2009-04APR, 2009-07JUL, 2009-10OCT, 2010-01JAN, 2010-10OCT, 2011-01JAN, 2011-04APR, 2011-07JUL, 2011-10OCT, 2012-01JAN, 2012-04APR, 2012-07JUL, 2012-10OCT, 2013-01JAN, 2013-04APR, 2013-07JUL, 2013-10OCT, 2014-01JAN, 2014-04APR, 2014-07JUL, 2014-10OCT, 2015-01JAN, 2015-04APR, 2015-07JUL, 2015-10OCT, 2016-01JAN, 2016-04APR, 2016-07JUL, 2016-10OCT, 2017-01JAN, 2017-04APR, 2017-07JUL, 2017-10OCT, 2018-01JAN, 2018-04APR, 2018-07JUL, 2018-10OCT, 2019-01JAN, 2019-04APR, 2019-07JUL, 2019-10OCT, 2020-01JAN, 2020-04APR, 2020-07JUL, 2020-10OCT, 2021-01JAN, 2021-02FEB, 2021-03MAR, 2021-04APR, 2021-05MAY, 2021-06JUN, 2021-07JUL, 2021-10OCT, 2021-11NOV, 2021-12DEC, 2022-01JAN, 2022-02FEB, 2022-03MAR, 2022-04APR, 2022-05MAY, 2022-06JUN, 2022-07JUL, 2022-08AUG, 2022-10OCT, 2022-11NOV, 2022-12DEC, 2023-01JAN, 2023-02FEB, 2023-03MAR, 2023-04APR, 2023-05MAY, 2023-06JUN, 2023-07JUL, 2023-08AUG, 2023-10OCT, 2023-11NOV, 2023-12DEC, 2024-01JAN, 2024-02FEB, 2024-03MAR, 2024-04APR, 2024-07JUL",
PUFC19_PHOURS,5,97,0,100.0,"PUFC19_PHOURS, PUFC18_PHOURS, C22_PHOURS, C22_PHRS, CC22_PHOURS","C22_PHOURS, C22_PHRS, CC22_PHOURS, PUFC18_PHOURS, PUFC19_PHOURS","2005-01JAN, 2005-07JUL, 2005-10OCT, 2006-01JAN, 2006-04APR, 2006-07JUL, 2006-10OCT, 2007-01JAN, 2007-04APR, 2007-07JUL, 2007-10OCT, 2008-01JAN, 2008-07JUL, 2008-10OCT, 2009-01JAN, 2009-04APR, 2009-07JUL, 2009-10OCT, 2010-01JAN, 2010-10OCT, 2011-01JAN, 2011-04APR, 2011-07JUL, 2011-10OCT, 2012-01JAN, 2012-04APR, 2012-07JUL, 2012-10OCT, 2013-01JAN, 2013-04APR, 2013-07JUL, 2013-10OCT, 2014-01JAN, 2014-04APR, 2014-07JUL, 2014-10OCT, 2015-01JAN, 2015-04APR, 2015-07JUL, 2015-10OCT, 2016-01JAN, 2016-04APR, 2016-07JUL, 2016-10OCT, 2017-01JAN, 2017-04APR, 2017-07JUL, 2017-10OCT, 2018-01JAN, 2018-04APR, 2018-07JUL, 2018-10OCT, 2019-01JAN, 2019-04APR, 2019-07JUL, 2019-10OCT, 2020-01JAN, 2020-04APR, 2020-07JUL, 2020-10OCT, 2021-01JAN, 2021-02FEB, 2021-03MAR, 2021-04APR, 2021-05MAY, 2021-06JUN, 2021-07JUL, 2021-10OCT, 2021-11NOV, 2021-12DEC, 2022-01JAN, 2022-02FEB, 2022-03MAR, 2022-04APR, 2022-05MAY, 2022-06JUN, 2022-07JUL, 2022-08AUG, 2022-10OCT, 2022-11NOV, 2022-12DEC, 2023-01JAN, 2023-02FEB, 2023-03MAR, 2023-04APR, 2023-05MAY, 2023-06JUN, 2023-07JUL, 2023-08AUG, 2023-10OCT, 2023-11NOV, 2023-12DEC, 2024-01JAN, 2024-02FEB, 2024-03MAR, 2024-04APR, 2024-07JUL",
PUFC20_PWMORE,5,97,0,100.0,"PUFC20_PWMORE, PUFC19_PWMORE, C23_PWMORE, C23_PWMR, CC23_PWMORE","C23_PWMORE, C23_PWMR, CC23_PWMORE, PUFC19_PWMORE, PUFC20_PWMORE","2005-01JAN, 2005-07JUL, 2005-10OCT, 2006-01JAN, 2006-04APR, 2006-07JUL, 2006-10OCT, 2007-01JAN, 2007-04APR, 2007-07JUL, 2007-10OCT, 2008-01JAN, 2008-07JUL, 2008-10OCT, 2009-01JAN, 2009-04APR, 2009-07JUL, 2009-10OCT, 2010-01JAN, 2010-10OCT, 2011-01JAN, 2011-04APR, 2011-07JUL, 2011-10OCT, 2012-01JAN, 2012-04APR, 2012-07JUL, 2012-10OCT, 2013-01JAN, 2013-04APR, 2013-07JUL, 2013-10OCT, 2014-01JAN, 2014-04APR, 2014-07JUL, 2014-10OCT, 2015-01JAN, 2015-04APR, 2015-07JUL, 2015-10OCT, 2016-01JAN, 2016-04APR, 2016-07JUL, 2016-10OCT, 2017-01JAN, 2017-04APR, 2017-07JUL, 2017-10OCT, 2018-01JAN, 2018-04APR, 2018-07JUL, 2018-10OCT, 2019-01JAN, 2019-04APR, 2019-07JUL, 2019-10OCT, 2020-01JAN, 2020-04APR, 2020-07JUL, 2020-10OCT, 2021-01JAN, 2021-02FEB, 2021-03MAR, 2021-04APR, 2021-05MAY, 2021-06JUN, 2021-07JUL, 2021-10OCT, 2021-11NOV, 2021-12DEC, 2022-01JAN, 2022-02FEB, 2022-03MAR, 2022-04APR, 2022-05MAY, 2022-06JUN, 2022-07JUL, 2022-08AUG, 2022-10OCT, 2022-11NOV, 2022-12DEC, 2023-01JAN, 2023-02FEB, 2023-03MAR, 2023-04APR, 2023-05MAY, 2023-06JUN, 2023-07JUL, 2023-08AUG, 2023-10OCT, 2023-11NOV, 2023-12DEC, 2024-01JAN, 2024-02FEB, 2024-03MAR, 2024-04APR, 2024-07JUL",
PUFC21_PLADDW,5,97,0,100.0,"PUFC21_PLADDW, PUFC20_PLADDW, C24_PLADDW, C24_PLAW, CC24_PLADDW","C24_PLADDW, C24_PLAW, CC24_PLADDW, PUFC20_PLADDW, PUFC21_PLADDW","2005-01JAN, 2005-07JUL, 2005-10OCT, 2006-01JAN, 2006-04APR, 2006-07JUL, 2006-10OCT, 2007-01JAN, 2007-04APR, 2007-07JUL, 2007-10OCT, 2008-01JAN, 2008-07JUL, 2008-10OCT, 2009-01JAN, 2009-04APR, 2009-07JUL, 2009-10OCT, 2010-01JAN, 2010-10OCT, 2011-01JAN, 2011-04APR, 2011-07JUL, 2011-10OCT, 2012-01JAN, 2012-04APR, 2012-07JUL, 2012-10OCT, 2013-01JAN, 2013-04APR, 2013-07JUL, 2013-10OCT, 2014-01JAN, 2014-04APR, 2014-07JUL, 2014-10OCT, 2015-01JAN, 2015-04APR, 2015-07JUL, 2015-10OCT, 2016-01JAN, 2016-04APR, 2016-07JUL, 2016-10OCT, 2017-01JAN, 2017-04APR, 2017-07JUL, 2017-10OCT, 2018-01JAN, 2018-04APR, 2018-07JUL, 2018-10OCT, 2019-01JAN, 2019-04APR, 2019-07JUL, 2019-10OCT, 2020-01JAN, 2020-04APR, 2020-07JUL, 2020-10OCT, 2021-01JAN, 2021-02FEB, 2021-03MAR, 2021-04APR, 2021-05MAY, 2021-06JUN, 2021-07JUL, 2021-10OCT, 2021-11NOV, 2021-12DEC, 2022-01JAN, 2022-02FEB, 2022-03MAR, 2022-04APR, 2022-05MAY, 2022-06JUN, 2022-07JUL, 2022-08AUG, 2022-10OCT, 2022-11NOV, 2022-12DEC, 2023-01JAN, 2023-02FEB, 2023-03MAR, 2023-04APR, 2023-05MAY, 2023-06JUN, 2023-07JUL, 2023-08AUG, 2023-10OCT, 2023-11NOV, 2023-12DEC, 2024-01JAN, 2024-02FEB, 2024-03MAR, 2024-04APR, 2024-07JUL",
PUFC22_PFWRK,5,89,8,91.8,"PUFC22_PFWRK, PUFC20B_FTWORK, C25_PFWRK, C25_PFWK, CC25_PFWRK","C25_PFWK, C25_PFWRK, CC25_PFWRK, PUFC20B_FTWORK, PUFC22_PFWRK","2005-01JAN, 2005-07JUL, 2005-10OCT, 2006-01JAN, 2006-04APR, 2006-07JUL, 2006-10OCT, 2007-01JAN, 2007-04APR, 2007-07JUL, 2007-10OCT, 2008-01JAN, 2008-07JUL, 2008-10OCT, 2009-01JAN, 2009-04APR, 2009-07JUL, 2009-10OCT, 2010-01JAN, 2010-10OCT, 2011-01JAN, 2011-04APR, 2011-07JUL, 2011-10OCT, 2012-01JAN, 2012-04APR, 2012-07JUL, 2012-10OCT, 2013-01JAN, 2013-04APR, 2013-07JUL, 2013-10OCT, 2014-01JAN, 2014-04APR, 2014-07JUL, 2014-10OCT, 2015-01JAN, 2015-04APR, 2015-07JUL, 2015-10OCT, 2016-01JAN, 2016-04APR, 2016-07JUL, 2016-10OCT, 2017-01JAN, 2017-04APR, 2017-07JUL, 2017-10OCT, 2018-01JAN, 2018-04APR, 2018-07JUL, 2018-10OCT, 2019-01JAN, 2019-04APR, 2019-07JUL, 2019-10OCT, 2020-01JAN, 2020-04APR, 2020-07JUL, 2020-10OCT, 2021-01JAN, 2021-04APR, 2021-07JUL, 2021-10OCT, 2022-01JAN, 2022-04APR, 2022-05MAY, 2022-06JUN, 2022-07JUL, 2022-08AUG, 2022-10OCT, 2022-11NOV, 2022-12DEC, 2023-01JAN, 2023-02FEB, 2023-03MAR, 2023-04APR, 2023-05MAY, 2023-06JUN, 2023-07JUL, 2023-08AUG, 2023-10OCT, 2023-11NOV, 2023-12DEC, 2024-01JAN, 2024-02FEB, 2024-03MAR, 2024-04APR, 2024-07JUL","2021-02FEB, 2021-03MAR, 2021-05MAY, 2021-06JUN, 2021-11NOV, 2021-12DEC, 2022-02FEB, 2022-03MAR"
PUFC23_PCLASS,5,97,0,100.0,"PUFC23_PCLASS, PUFC21_PCLASS, C19_PCLASS, C19PCLAS, CC19_PCLASS","C19PCLAS, C19_PCLASS, CC19_PCLASS, PUFC21_PCLASS, PUFC23_PCLASS","2005-01JAN, 2005-07JUL, 2005-10OCT, 2006-01JAN, 2006-04APR, 2006-07JUL, 2006-10OCT, 2007-01JAN, 2007-04APR, 2007-07JUL, 2007-10OCT, 2008-01JAN, 2008-07JUL, 2008-10OCT, 2009-01JAN, 2009-04APR, 2009-07JUL, 2009-10OCT, 2010-01JAN, 2010-10OCT, 2011-01JAN, 2011-04APR, 2011-07JUL, 2011-10OCT, 2012-01JAN, 2012-04APR, 2012-07JUL, 2012-10OCT, 2013-01JAN, 2013-04APR, 2013-07JUL, 2013-10OCT, 2014-01JAN, 2014-04APR, 2014-07JUL, 2014-10OCT, 2015-01JAN, 2015-04APR, 2015-07JUL, 2015-10OCT, 2016-01JAN, 2016-04APR, 2016-07JUL, 2016-10OCT, 2017-01JAN, 2017-04APR, 2017-07JUL, 2017-10OCT, 2018-01JAN, 2018-04APR, 2018-07JUL, 2018-10OCT, 2019-01JAN, 2019-04APR, 2019-07JUL, 2019-10OCT, 2020-01JAN, 2020-04APR, 2020-07JUL, 2020-10OCT, 2021-01JAN, 2021-02FEB, 2021-03MAR, 2021-04APR, 2021-05MAY, 2021-06JUN, 2021-07JUL, 2021-10OCT, 2021-11NOV, 2021-12DEC, 2022-01JAN, 2022-02FEB, 2022-03MAR, 2022-04APR, 2022-05MAY, 2022-06JUN, 2022-07JUL, 2022-08AUG, 2022-10OCT, 2022-11NOV, 2022-12DEC, 2023-01JAN, 2023-02FEB, 2023-03MAR, 2023-04APR, 2023-05MAY, 2023-06JUN, 2023-07JUL, 2023-08AUG, 2023-10OCT, 2023-11NOV, 2023-12DEC, 2024-01JAN, 2024-02FEB, 2024-03MAR, 2024-04APR, 2024-07JUL",
PUFC24_PBASIS,4,75,22,77.3,"PUFC24_PBASIS, C26_PBASIS, C26_PBIS, CC26_PBASIS","C26_PBASIS, C26_PBIS, CC26_PBASIS, PUFC24_PBASIS","2005-01JAN, 2005-07JUL, 2005-10OCT, 2006-01JAN, 2006-04APR, 2006-07JUL, 2006-10OCT, 2007-01JAN, 2007-04APR, 2007-07JUL, 2007-10OCT, 2008-01JAN, 2008-07JUL, 2008-10OCT, 2009-01JAN, 2009-04APR, 2009-07JUL, 2009-10OCT, 2010-01JAN, 2010-10OCT, 2011-01JAN, 2011-04APR, 2011-07JUL, 2011-10OCT, 2012-01JAN, 2012-04APR, 2012-07JUL, 2012-10OCT, 2013-01JAN, 2013-04APR, 2013-07JUL, 2013-10OCT, 2014-01JAN, 2014-04APR, 2014-07JUL, 2014-10OCT, 2015-01JAN, 2015-04APR, 2015-07JUL, 2015-10OCT, 2016-01JAN, 2016-04APR, 2016-07JUL, 2016-10OCT, 2017-01JAN, 2017-04APR, 2017-07JUL, 2017-10OCT, 2018-01JAN, 2018-04APR, 2018-07JUL, 2018-10OCT, 2019-01JAN, 2019-04APR, 2019-07JUL, 2019-10OCT, 2020-01JAN, 2020-04APR, 2020-07JUL, 2020-10OCT, 2021-01JAN, 2021-04APR, 2021-07JUL, 2021-10OCT, 2022-01JAN, 2022-04APR, 2022-07JUL, 2022-10OCT, 2023-01JAN, 2023-04APR, 2023-07JUL, 2023-10OCT, 2024-01JAN, 2024-04APR, 2024-07JUL","2021-02FEB, 2021-03MAR, 2021-05MAY, 2021-06JUN, 2021-11NOV, 2021-12DEC, 2022-02FEB, 2022-03MAR, 2022-05MAY, 2022-06JUN, 2022-08AUG, 2022-11NOV, 2022-12DEC, 2023-02FEB, 2023-03MAR, 2023-05MAY, 2023-06JUN, 2023-08AUG, 2023-11NOV, 2023-12DEC, 2024-02FEB, 2024-03MAR"
PUFC25_PBASIC,6,75,22,77.3,"PUFC25_PBASIC, C27_PBASIC, C27_PBSC, CC27_PBASIC, C36_OBASIC, C36_OBIC","C27_PBASIC, C27_PBSC, CC27_PBASIC, PUFC25_PBASIC","2005-01JAN, 2005-07JUL, 2005-10OCT, 2006-01JAN, 2006-04APR, 2006-07JUL, 2006-10OCT, 2007-01JAN, 2007-04APR, 2007-07JUL, 2007-10OCT, 2008-01JAN, 2008-07JUL, 2008-10OCT, 2009-01JAN, 2009-04APR, 2009-07JUL, 2009-10OCT, 2010-01JAN, 2010-10OCT, 2011-01JAN, 2011-04APR, 2011-07JUL, 2011-10OCT, 2012-01JAN, 2012-04APR, 2012-07JUL, 2012-10OCT, 2013-01JAN, 2013-04APR, 2013-07JUL, 2013-10OCT, 2014-01JAN, 2014-04APR, 2014-07JUL, 2014-10OCT, 2015-01JAN, 2015-04APR, 2015-07JUL, 2015-10OCT, 2016-01JAN, 2016-04APR, 2016-07JUL, 2016-10OCT, 2017-01JAN, 2017-04APR, 2017-07JUL, 2017-10OCT, 2018-01JAN, 2018-04APR, 2018-07JUL, 2018-10OCT, 2019-01JAN, 2019-04APR, 2019-07JUL, 2019-10OCT, 2020-01JAN, 2020-04APR, 2020-07JUL, 2020-10OCT, 2021-01JAN, 2021-04APR, 2021-07JUL, 2021-10OCT, 2022-01JAN, 2022-04APR, 2022-07JUL, 2022-10OCT, 2023-01JAN, 2023-04APR, 2023-07JUL, 2023-10OCT, 2024-01JAN, 2024-04APR, 2024-07JUL","2021-02FEB, 2021-03MAR, 2021-05MAY, 2021-06JUN, 2021-11NOV, 2021-12DEC, 2022-02FEB, 2022-03MAR, 2022-05MAY, 2022-06JUN, 2022-08AUG, 2022-11NOV, 2022-12DEC, 2023-02FEB, 2023-03MAR, 2023-05MAY, 2023-06JUN, 2023-08AUG, 2023-11NOV, 2023-12DEC, 2024-02FEB, 2024-03MAR"
PUFC26_OJOB,4,97,0,100.0,"PUFC26_OJOB, PUFC22_OJOB, C28_OJOB, CC28_OJOB","C28_OJOB, CC28_OJOB, PUFC22_OJOB, PUFC26_OJOB","2005-01JAN, 2005-07JUL, 2005-10OCT, 2006-01JAN, 2006-04APR, 2006-07JUL, 2006-10OCT, 2007-01JAN, 2007-04APR, 2007-07JUL, 2007-10OCT, 2008-01JAN, 2008-07JUL, 2008-10OCT, 2009-01JAN, 2009-04APR, 2009-07JUL, 2009-10OCT, 2010-01JAN, 2010-10OCT, 2011-01JAN, 2011-04APR, 2011-07JUL, 2011-10OCT, 2012-01JAN, 2012-04APR, 2012-07JUL, 2012-10OCT, 2013-01JAN, 2013-04APR, 2013-07JUL, 2013-10OCT, 2014-01JAN, 2014-04APR, 2014-07JUL, 2014-10OCT, 2015-01JAN, 2015-04APR, 2015-07JUL, 2015-10OCT, 2016-01JAN, 2016-04APR, 2016-07JUL, 2016-10OCT, 2017-01JAN, 2017-04APR, 2017-07JUL, 2017-10OCT, 2018-01JAN, 2018-04APR, 2018-07JUL, 2018-10OCT, 2019-01JAN, 2019-04APR, 2019-07JUL, 2019-10OCT, 2020-01JAN, 2020-04APR, 2020-07JUL, 2020-10OCT, 2021-01JAN, 2021-02FEB, 2021-03MAR, 2021-04APR, 2021-05MAY, 2021-06JUN, 2021-07JUL, 2021-10OCT, 2021-11NOV, 2021-12DEC, 2022-01JAN, 2022-02FEB, 2022-03MAR, 2022-04APR, 2022-05MAY, 2022-06JUN, 2022-07JUL, 2022-08AUG, 2022-10OCT, 2022-11NOV, 2022-12DEC, 2023-01JAN, 2023-02FEB, 2023-03MAR, 2023-04APR, 2023-05MAY, 2023-06JUN, 2023-07JUL, 2023-08AUG, 2023-10OCT, 2023-11NOV, 2023-12DEC, 2024-01JAN, 2024-02FEB, 2024-03MAR, 2024-04APR, 2024-07JUL",
PUFC27_NJOBS,2,74,23,76.3,"PUFC27_NJOBS, A03_JOBS","A03_JOBS, PUFC27_NJOBS","2005-07JUL, 2005-10OCT, 2006-01JAN, 2006-04APR, 2006-07JUL, 2006-10OCT, 2007-01JAN, 2007-04APR, 2007-07JUL, 2007-10OCT, 2008-01JAN, 2008-07JUL, 2008-10OCT, 2009-01JAN, 2009-04APR, 2009-07JUL, 2009-10OCT, 2010-01JAN, 2010-10OCT, 2011-01JAN, 2011-04APR, 2011-07JUL, 2011-10OCT, 2012-01JAN, 2012-04APR, 2012-07JUL, 2012-10OCT, 2013-01JAN, 2013-04APR, 2013-07JUL, 2013-10OCT, 2014-01JAN, 2014-04APR, 2014-07JUL, 2014-10OCT, 2015-01JAN, 2015-04APR, 2015-07JUL, 2015-10OCT, 2016-01JAN, 2016-04APR, 2016-07JUL, 2016-10OCT, 2017-01JAN, 2017-04APR, 2017-07JUL, 2017-10OCT, 2018-01JAN, 2018-04APR, 2018-07JUL, 2018-10OCT, 2019-01JAN, 2019-04APR, 2019-07JUL, 2019-10OCT, 2020-01JAN, 2020-04APR, 2020-07JUL, 2020-10OCT, 2021-01JAN, 2021-04APR, 2021-07JUL, 2021-10OCT, 2022-01JAN, 2022-04APR, 2022-07JUL, 2022-10OCT, 2023-01JAN, 2023-04APR, 2023-07JUL, 2023-10OCT, 2024-01JAN, 2024-04APR, 2024-07JUL","2005-01JAN, 2021-02FEB, 2021-03MAR, 2021-05MAY, 2021-06JUN, 2021-11NOV, 2021-12DEC, 2022-02FEB, 2022-03MAR, 2022-05MAY, 2022-06JUN, 2022-08AUG, 2022-11NOV, 2022-12DEC, 2023-02FEB, 2023-03MAR, 2023-05MAY, 2023-06JUN, 2023-08AUG, 2023-11NOV, 2023-12DEC, 2024-02FEB, 2024-03MAR"
PUFC28_THOURS,4,96,1,99.0,"PUFC28_THOURS, PUFC23_THOURS, A04_THOURS, A04_THRS","A04_THOURS, A04_THRS, PUFC23_THOURS, PUFC28_THOURS","2005-07JUL, 2005-10OCT, 2006-01JAN, 2006-04APR, 2006-07JUL, 2006-10OCT, 2007-01JAN, 2007-04APR, 2007-07JUL, 2007-10OCT, 2008-01JAN, 2008-07JUL, 2008-10OCT, 2009-01JAN, 2009-04APR, 2009-07JUL, 2009-10OCT, 2010-01JAN, 2010-10OCT, 2011-01JAN, 2011-04APR, 2011-07JUL, 2011-10OCT, 2012-01JAN, 2012-04APR, 2012-07JUL, 2012-10OCT, 2013-01JAN, 2013-04APR, 2013-07JUL, 2013-10OCT, 2014-01JAN, 2014-04APR, 2014-07JUL, 2014-10OCT, 2015-01JAN, 2015-04APR, 2015-07JUL, 2015-10OCT, 2016-01JAN, 2016-04APR, 2016-07JUL, 2016-10OCT, 2017-01JAN, 2017-04APR, 2017-07JUL, 2017-10OCT, 2018-01JAN, 2018-04APR, 2018-07JUL, 2018-10OCT, 2019-01JAN, 2019-04APR, 2019-07JUL, 2019-10OCT, 2020-01JAN, 2020-04APR, 2020-07JUL, 2020-10OCT, 2021-01JAN, 2021-02FEB, 2021-03MAR, 2021-04APR, 2021-05MAY, 2021-06JUN, 2021-07JUL, 2021-10OCT, 2021-11NOV, 2021-12DEC, 2022-01JAN, 2022-02FEB, 2022-03MAR, 2022-04APR, 2022-05MAY, 2022-06JUN, 2022-07JUL, 2022-08AUG, 2022-10OCT, 2022-11NOV, 2022-12DEC, 2023-01JAN, 2023-02FEB, 2023-03MAR, 2023-04APR, 2023-05MAY, 2023-06JUN, 2023-07JUL, 2023-08AUG, 2023-10OCT, 2023-11NOV, 2023-12DEC, 2024-01JAN, 2024-02FEB, 2024-03MAR, 2024-04APR, 2024-07JUL",2005-01JAN
PUFC29_WWM48H,4,96,1,99.0,"PUFC29_WWM48H, PUFC24_WWM48H, A05_RWM48H, A05_R48H","A05_R48H, A05_RWM48H, PUFC24_WWM48H, PUFC29_WWM48H","2005-07JUL, 2005-10OCT, 2006-01JAN, 2006-04APR, 2006-07JUL, 2006-10OCT, 2007-01JAN, 2007-04APR, 2007-07JUL, 2007-10OCT, 2008-01JAN, 2008-07JUL, 2008-10OCT, 2009-01JAN, 2009-04APR, 2009-07JUL, 2009-10OCT, 2010-01JAN, 2010-10OCT, 2011-01JAN, 2011-04APR, 2011-07JUL, 2011-10OCT, 2012-01JAN, 2012-04APR, 2012-07JUL, 2012-10OCT, 2013-01JAN, 2013-04APR, 2013-07JUL, 2013-10OCT, 2014-01JAN, 2014-04APR, 2014-07JUL, 2014-10OCT, 2015-01JAN, 2015-04APR, 2015-07JUL, 2015-10OCT, 2016-01JAN, 2016-04APR, 2016-07JUL, 2016-10OCT, 2017-01JAN, 2017-04APR, 2017-07JUL, 2017-10OCT, 2018-01JAN, 2018-04APR, 2018-07JUL, 2018-10OCT, 2019-01JAN, 2019-04APR, 2019-07JUL, 2019-10OCT, 2020-01JAN, 2020-04APR, 2020-07JUL, 2020-10OCT, 2021-01JAN, 2021-02FEB, 2021-03MAR, 2021-04APR, 2021-05MAY, 2021-06JUN, 2021-07JUL, 2021-10OCT, 2021-11NOV, 2021-12DEC, 2022-01JAN, 2022-02FEB, 2022-03MAR, 2022-04APR, 2022-05MAY, 2022-06JUN, 2022-07JUL, 2022-08AUG, 2022-10OCT, 2022-11NOV, 2022-12DEC, 2023-01JAN, 2023-02FEB, 2023-03MAR, 2023-04APR, 2023-05MAY, 2023-06JUN, 2023-07JUL, 2023-08AUG, 2023-10OCT, 2023-11NOV, 2023-12DEC, 2024-01JAN, 2024-02FEB, 2024-03MAR, 2024-04APR, 2024-07JUL",2005-01JAN
PUFC30_LOOKW,6,97,0,100.0,"PUFC30_LOOKW, PUFC25_LOOKW, C38_LOOKW, C38_LOKW, CC38_LOOKW, CC30_LOOKW","C38_LOKW, C38_LOOKW, CC38_LOOKW, PUFC25_LOOKW, PUFC30_LOOKW","2005-01JAN, 2005-07JUL, 2005-10OCT, 2006-01JAN, 2006-04APR, 2006-07JUL, 2006-10OCT, 2007-01JAN, 2007-04APR, 2007-07JUL, 2007-10OCT, 2008-01JAN, 2008-07JUL, 2008-10OCT, 2009-01JAN, 2009-04APR, 2009-07JUL, 2009-10OCT, 2010-01JAN, 2010-10OCT, 2011-01JAN, 2011-04APR, 2011-07JUL, 2011-10OCT, 2012-01JAN, 2012-04APR, 2012-07JUL, 2012-10OCT, 2013-01JAN, 2013-04APR, 2013-07JUL, 2013-10OCT, 2014-01JAN, 2014-04APR, 2014-07JUL, 2014-10OCT, 2015-01JAN, 2015-04APR, 2015-07JUL, 2015-10OCT, 2016-01JAN, 2016-04APR, 2016-07JUL, 2016-10OCT, 2017-01JAN, 2017-04APR, 2017-07JUL, 2017-10OCT, 2018-01JAN, 2018-04APR, 2018-07JUL, 2018-10OCT, 2019-01JAN, 2019-04APR, 2019-07JUL, 2019-10OCT, 2020-01JAN, 2020-04APR, 2020-07JUL, 2020-10OCT, 2021-01JAN, 2021-02FEB, 2021-03MAR, 2021-04APR, 2021-05MAY, 2021-06JUN, 2021-07JUL, 2021-10OCT, 2021-11NOV, 2021-12DEC, 2022-01JAN, 2022-02FEB, 2022-03MAR, 2022-04APR, 2022-05MAY, 2022-06JUN, 2022-07JUL, 2022-08AUG, 2022-10OCT, 2022-11NOV, 2022-12DEC, 2023-01JAN, 2023-02FEB, 2023-03MAR, 2023-04APR, 2023-05MAY, 2023-06JUN, 2023-07JUL, 2023-08AUG, 2023-10OCT, 2023-11NOV, 2023-12DEC, 2024-01JAN, 2024-02FEB, 2024-03MAR, 2024-04APR, 2024-07JUL",
PUFC31_FLWRK,5,89,8,91.8,"PUFC31_FLWRK, PUFC25B_FTWORK, C41_FLWRK, C41_FLWK, CC41_FLWRK","C41_FLWK, C41_FLWRK, CC41_FLWRK, PUFC25B_FTWORK, PUFC31_FLWRK","2005-01JAN, 2005-07JUL, 2005-10OCT, 2006-01JAN, 2006-04APR, 2006-07JUL, 2006-10OCT, 2007-01JAN, 2007-04APR, 2007-07JUL, 2007-10OCT, 2008-01JAN, 2008-07JUL, 2008-10OCT, 2009-01JAN, 2009-04APR, 2009-07JUL, 2009-10OCT, 2010-01JAN, 2010-10OCT, 2011-01JAN, 2011-04APR, 2011-07JUL, 2011-10OCT, 2012-01JAN, 2012-04APR, 2012-07JUL, 2012-10OCT, 2013-01JAN, 2013-04APR, 2013-07JUL, 2013-10OCT, 2014-01JAN, 2014-04APR, 2014-07JUL, 2014-10OCT, 2015-01JAN, 2015-04APR, 2015-07JUL, 2015-10OCT, 2016-01JAN, 2016-04APR, 2016-07JUL, 2016-10OCT, 2017-01JAN, 2017-04APR, 2017-07JUL, 2017-10OCT, 2018-01JAN, 2018-04APR, 2018-07JUL, 2018-10OCT, 2019-01JAN, 2019-04APR, 2019-07JUL, 2019-10OCT, 2020-01JAN, 2020-04APR, 2020-07JUL, 2020-10OCT, 2021-01JAN, 2021-04APR, 2021-07JUL, 2021-10OCT, 2022-01JAN, 2022-04APR, 2022-05MAY, 2022-06JUN, 2022-07JUL, 2022-08AUG, 2022-10OCT, 2022-11NOV, 2022-12DEC, 2023-01JAN, 2023-02FEB, 2023-03MAR, 2023-04APR, 2023-05MAY, 2023-06JUN, 2023-07JUL, 2023-08AUG, 2023-10OCT, 2023-11NOV, 2023-12DEC, 2024-01JAN, 2024-02FEB, 2024-03MAR, 2024-04APR, 2024-07JUL","2021-02FEB, 2021-03MAR, 2021-05MAY, 2021-06JUN, 2021-11NOV, 2021-12DEC, 2022-02FEB, 2022-03MAR"
PUFC32_JOBSM,5,75,22,77.3,"PUFC32_JOBSM, C39_JOBSM, C39_JBSM, CC39_JOBSM, CC32_JOBSM","C39_JBSM, C39_JOBSM, CC39_JOBSM, PUFC32_JOBSM","2005-01JAN, 2005-07JUL, 2005-10OCT, 2006-01JAN, 2006-04APR, 2006-07JUL, 2006-10OCT, 2007-01JAN, 2007-04APR, 2007-07JUL, 2007-10OCT, 2008-01JAN, 2008-07JUL, 2008-10OCT, 2009-01JAN, 2009-04APR, 2009-07JUL, 2009-10OCT, 2010-01JAN, 2010-10OCT, 2011-01JAN, 2011-04APR, 2011-07JUL, 2011-10OCT, 2012-01JAN, 2012-04APR, 2012-07JUL, 2012-10OCT, 2013-01JAN, 2013-04APR, 2013-07JUL, 2013-10OCT, 2014-01JAN, 2014-04APR, 2014-07JUL, 2014-10OCT, 2015-01JAN, 2015-04APR, 2015-07JUL, 2015-10OCT, 2016-01JAN, 2016-04APR, 2016-07JUL, 2016-10OCT, 2017-01JAN, 2017-04APR, 2017-07JUL, 2017-10OCT, 2018-01JAN, 2018-04APR, 2018-07JUL, 2018-10OCT, 2019-01JAN, 2019-04APR, 2019-07JUL, 2019-10OCT, 2020-01JAN, 2020-04APR, 2020-07JUL, 2020-10OCT, 2021-01JAN, 2021-04APR, 2021-07JUL, 2021-10OCT, 2022-01JAN, 2022-04APR, 2022-07JUL, 2022-10OCT, 2023-01JAN, 2023-04APR, 2023-07JUL, 2023-10OCT, 2024-01JAN, 2024-04APR, 2024-07JUL","2021-02FEB, 2021-03MAR, 2021-05MAY, 2021-06JUN, 2021-11NOV, 2021-12DEC, 2022-02FEB, 2022-03MAR, 2022-05MAY, 2022-06JUN, 2022-08AUG, 2022-11NOV, 2022-12DEC, 2023-02FEB, 2023-03MAR, 2023-05MAY, 2023-06JUN, 2023-08AUG, 2023-11NOV, 2023-12DEC, 2024-02FEB, 2024-03MAR"
PUFC33_WEEKS,5,75,22,77.3,"PUFC33_WEEKS, C40_WEEKS, C40_WKS, CC40_WEEKS, CC33_WEEKS","C40_WEEKS, C40_WKS, CC40_WEEKS, PUFC33_WEEKS","2005-01JAN, 2005-07JUL, 2005-10OCT, 2006-01JAN, 2006-04APR, 2006-07JUL, 2006-10OCT, 2007-01JAN, 2007-04APR, 2007-07JUL, 2007-10OCT, 2008-01JAN, 2008-07JUL, 2008-10OCT, 2009-01JAN, 2009-04APR, 2009-07JUL, 2009-10OCT, 2010-01JAN, 2010-10OCT, 2011-01JAN, 2011-04APR, 2011-07JUL, 2011-10OCT, 2012-01JAN, 2012-04APR, 2012-07JUL, 2012-10OCT, 2013-01JAN, 2013-04APR, 2013-07JUL, 2013-10OCT, 2014-01JAN, 2014-04APR, 2014-07JUL, 2014-10OCT, 2015-01JAN, 2015-04APR, 2015-07JUL, 2015-10OCT, 2016-01JAN, 2016-04APR, 2016-07JUL, 2016-10OCT, 2017-01JAN, 2017-04APR, 2017-07JUL, 2017-10OCT, 2018-01JAN, 2018-04APR, 2018-07JUL, 2018-10OCT, 2019-01JAN, 2019-04APR, 2019-07JUL, 2019-10OCT, 2020-01JAN, 2020-04APR, 2020-07JUL, 2020-10OCT, 2021-01JAN, 2021-04APR, 2021-07JUL, 2021-10OCT, 2022-01JAN, 2022-04APR, 2022-07JUL, 2022-10OCT, 2023-01JAN, 2023-04APR, 2023-07JUL, 2023-10OCT, 2024-01JAN, 2024-04APR, 2024-07JUL","2021-02FEB, 2021-03MAR, 2021-05MAY, 2021-06JUN, 2021-11NOV, 2021-12DEC, 2022-02FEB, 2022-03MAR, 2022-05MAY, 2022-06JUN, 2022-08AUG, 2022-11NOV, 2022-12DEC, 2023-02FEB, 2023-03MAR, 2023-05MAY, 2023-06JUN, 2023-08AUG, 2023-11NOV, 2023-12DEC, 2024-02FEB, 2024-03MAR"
PUFC34_WYNOT,5,97,0,100.0,"PUFC34_WYNOT, PUFC26_WYNOT, C42_WYNOT, C42_WYNT, CC42_WYNOT","C42_WYNOT, C42_WYNT, CC42_WYNOT, PUFC26_WYNOT, PUFC34_WYNOT","2005-01JAN, 2005-07JUL, 2005-10OCT, 2006-01JAN, 2006-04APR, 2006-07JUL, 2006-10OCT, 2007-01JAN, 2007-04APR, 2007-07JUL, 2007-10OCT, 2008-01JAN, 2008-07JUL, 2008-10OCT, 2009-01JAN, 2009-04APR, 2009-07JUL, 2009-10OCT, 2010-01JAN, 2010-10OCT, 2011-01JAN, 2011-04APR, 2011-07JUL, 2011-10OCT, 2012-01JAN, 2012-04APR, 2012-07JUL, 2012-10OCT, 2013-01JAN, 2013-04APR, 2013-07JUL, 2013-10OCT, 2014-01JAN, 2014-04APR, 2014-07JUL, 2014-10OCT, 2015-01JAN, 2015-04APR, 2015-07JUL, 2015-10OCT, 2016-01JAN, 2016-04APR, 2016-07JUL, 2016-10OCT, 2017-01JAN, 2017-04APR, 2017-07JUL, 2017-10OCT, 2018-01JAN, 2018-04APR, 2018-07JUL, 2018-10OCT, 2019-01JAN, 2019-04APR, 2019-07JUL, 2019-10OCT, 2020-01JAN, 2020-04APR, 2020-07JUL, 2020-10OCT, 2021-01JAN, 2021-02FEB, 2021-03MAR, 2021-04APR, 2021-05MAY, 2021-06JUN, 2021-07JUL, 2021-10OCT, 2021-11NOV, 2021-12DEC, 2022-01JAN, 2022-02FEB, 2022-03MAR, 2022-04APR, 2022-05MAY, 2022-06JUN, 2022-07JUL, 2022-08AUG, 2022-10OCT, 2022-11NOV, 2022-12DEC, 2023-01JAN, 2023-02FEB, 2023-03MAR, 2023-04APR, 2023-05MAY, 2023-06JUN, 2023-07JUL, 2023-08AUG, 2023-10OCT, 2023-11NOV, 2023-12DEC, 2024-01JAN, 2024-02FEB, 2024-03MAR, 2024-04APR, 2024-07JUL",
PUFC35_LTLOOKW,4,74,23,76.3,"PUFC35_LTLOOKW, A06_LTLOOKW, A06_LLKW, CC35_LTLOOKW","A06_LLKW, A06_LTLOOKW, PUFC35_LTLOOKW","2005-07JUL, 2005-10OCT, 2006-01JAN, 2006-04APR, 2006-07JUL, 2006-10OCT, 2007-01JAN, 2007-04APR, 2007-07JUL, 2007-10OCT, 2008-01JAN, 2008-07JUL, 2008-10OCT, 2009-01JAN, 2009-04APR, 2009-07JUL, 2009-10OCT, 2010-01JAN, 2010-10OCT, 2011-01JAN, 2011-04APR, 2011-07JUL, 2011-10OCT, 2012-01JAN, 2012-04APR, 2012-07JUL, 2012-10OCT, 2013-01JAN, 2013-04APR, 2013-07JUL, 2013-10OCT, 2014-01JAN, 2014-04APR, 2014-07JUL, 2014-10OCT, 2015-01JAN, 2015-04APR, 2015-07JUL, 2015-10OCT, 2016-01JAN, 2016-04APR, 2016-07JUL, 2016-10OCT, 2017-01JAN, 2017-04APR, 2017-07JUL, 2017-10OCT, 2018-01JAN, 2018-04APR, 2018-07JUL, 2018-10OCT, 2019-01JAN, 2019-04APR, 2019-07JUL, 2019-10OCT, 2020-01JAN, 2020-04APR, 2020-07JUL, 2020-10OCT, 2021-01JAN, 2021-04APR, 2021-07JUL, 2021-10OCT, 2022-01JAN, 2022-04APR, 2022-07JUL, 2022-10OCT, 2023-01JAN, 2023-04APR, 2023-07JUL, 2023-10OCT, 2024-01JAN, 2024-04APR, 2024-07JUL","2005-01JAN, 2021-02FEB, 2021-03MAR, 2021-05MAY, 2021-06JUN, 2021-11NOV, 2021-12DEC, 2022-02FEB, 2022-03MAR, 2022-05MAY, 2022-06JUN, 2022-08AUG, 2022-11NOV, 2022-12DEC, 2023-02FEB, 2023-03MAR, 2023-05MAY, 2023-06JUN, 2023-08AUG, 2023-11NOV, 2023-12DEC, 2024-02FEB, 2024-03MAR"
PUFC36_AVAIL,6,97,0,100.0,"PUFC36_AVAIL, PUFC27_AVAIL, C37_AVAIL, C37_AVIL, CC37_AVAIL, CC36_AVAIL","C37_AVAIL, C37_AVIL, CC37_AVAIL, PUFC27_AVAIL, PUFC36_AVAIL","2005-01JAN, 2005-07JUL, 2005-10OCT, 2006-01JAN, 2006-04APR, 2006-07JUL, 2006-10OCT, 2007-01JAN, 2007-04APR, 2007-07JUL, 2007-10OCT, 2008-01JAN, 2008-07JUL, 2008-10OCT, 2009-01JAN, 2009-04APR, 2009-07JUL, 2009-10OCT, 2010-01JAN, 2010-10OCT, 2011-01JAN, 2011-04APR, 2011-07JUL, 2011-10OCT, 2012-01JAN, 2012-04APR, 2012-07JUL, 2012-10OCT, 2013-01JAN, 2013-04APR, 2013-07JUL, 2013-10OCT, 2014-01JAN, 2014-04APR, 2014-07JUL, 2014-10OCT, 2015-01JAN, 2015-04APR, 2015-07JUL, 2015-10OCT, 2016-01JAN, 2016-04APR, 2016-07JUL, 2016-10OCT, 2017-01JAN, 2017-04APR, 2017-07JUL, 2017-10OCT, 2018-01JAN, 2018-04APR, 2018-07JUL, 2018-10OCT, 2019-01JAN, 2019-04APR, 2019-07JUL, 2019-10OCT, 2020-01JAN, 2020-04APR, 2020-07JUL, 2020-10OCT, 2021-01JAN, 2021-02FEB, 2021-03MAR, 2021-04APR, 2021-05MAY, 2021-06JUN, 2021-07JUL, 2021-10OCT, 2021-11NOV, 2021-12DEC, 2022-01JAN, 2022-02FEB, 2022-03MAR, 2022-04APR, 2022-05MAY, 2022-06JUN, 2022-07JUL, 2022-08AUG, 2022-10OCT, 2022-11NOV, 2022-12DEC, 2023-01JAN, 2023-02FEB, 2023-03MAR, 2023-04APR, 2023-05MAY, 2023-06JUN, 2023-07JUL, 2023-08AUG, 2023-10OCT, 2023-11NOV, 2023-12DEC, 2024-01JAN, 2024-02FEB, 2024-03MAR, 2024-04APR, 2024-07JUL",
PUFC37_WILLING,3,74,23,76.3,"PUFC37_WILLING, A07_WILLING, A07_WLNG","A07_WILLING, A07_WLNG, PUFC37_WILLING","2005-07JUL, 2005-10OCT, 2006-01JAN, 2006-04APR, 2006-07JUL, 2006-10OCT, 2007-01JAN, 2007-04APR, 2007-07JUL, 2007-10OCT, 2008-01JAN, 2008-07JUL, 2008-10OCT, 2009-01JAN, 2009-04APR, 2009-07JUL, 2009-10OCT, 2010-01JAN, 2010-10OCT, 2011-01JAN, 2011-04APR, 2011-07JUL, 2011-10OCT, 2012-01JAN, 2012-04APR, 2012-07JUL, 2012-10OCT, 2013-01JAN, 2013-04APR, 2013-07JUL, 2013-10OCT, 2014-01JAN, 2014-04APR, 2014-07JUL, 2014-10OCT, 2015-01JAN, 2015-04APR, 2015-07JUL, 2015-10OCT, 2016-01JAN, 2016-04APR, 2016-07JUL, 2016-10OCT, 2017-01JAN, 2017-04APR, 2017-07JUL, 2017-10OCT, 2018-01JAN, 2018-04APR, 2018-07JUL, 2018-10OCT, 2019-01JAN, 2019-04APR, 2019-07JUL, 2019-10OCT, 2020-01JAN, 2020-04APR, 2020-07JUL, 2020-10OCT, 2021-01JAN, 2021-04APR, 2021-07JUL, 2021-10OCT, 2022-01JAN, 2022-04APR, 2022-07JUL, 2022-10OCT, 2023-01JAN, 2023-04APR, 2023-07JUL, 2023-10OCT, 2024-01JAN, 2024-04APR, 2024-07JUL","2005-01JAN, 2021-02FEB, 2021-03MAR, 2021-05MAY, 2021-06JUN, 2021-11NOV, 2021-12DEC, 2022-02FEB, 2022-03MAR, 2022-05MAY, 2022-06JUN, 2022-08AUG, 2022-11NOV, 2022-12DEC, 2023-02FEB, 2023-03MAR, 2023-05MAY, 2023-06JUN, 2023-08AUG, 2023-11NOV, 2023-12DEC, 2024-02FEB, 2024-03MAR"
PUFC38_PREVJOB,4,97,0,100.0,"PUFC38_PREVJOB, PUFC28_PREVJOB, C43_LBEF, CC43_LBEF","C43_LBEF, CC43_LBEF, PUFC28_PREVJOB, PUFC38_PREVJOB","2005-01JAN, 2005-07JUL, 2005-10OCT, 2006-01JAN, 2006-04APR, 2006-07JUL, 2006-10OCT, 2007-01JAN, 2007-04APR, 2007-07JUL, 2007-10OCT, 2008-01JAN, 2008-07JUL, 2008-10OCT, 2009-01JAN, 2009-04APR, 2009-07JUL, 2009-10OCT, 2010-01JAN, 2010-10OCT, 2011-01JAN, 2011-04APR, 2011-07JUL, 2011-10OCT, 2012-01JAN, 2012-04APR, 2012-07JUL, 2012-10OCT, 2013-01JAN, 2013-04APR, 2013-07JUL, 2013-10OCT, 2014-01JAN, 2014-04APR, 2014-07JUL, 2014-10OCT, 2015-01JAN, 2015-04APR, 2015-07JUL, 2015-10OCT, 2016-01JAN, 2016-04APR, 2016-07JUL, 2016-10OCT, 2017-01JAN, 2017-04APR, 2017-07JUL, 2017-10OCT, 2018-01JAN, 2018-04APR, 2018-07JUL, 2018-10OCT, 2019-01JAN, 2019-04APR, 2019-07JUL, 2019-10OCT, 2020-01JAN, 2020-04APR, 2020-07JUL, 2020-10OCT, 2021-01JAN, 2021-02FEB, 2021-03MAR, 2021-04APR, 2021-05MAY, 2021-06JUN, 2021-07JUL, 2021-10OCT, 2021-11NOV, 2021-12DEC, 2022-01JAN, 2022-02FEB, 2022-03MAR, 2022-04APR, 2022-05MAY, 2022-06JUN, 2022-07JUL, 2022-08AUG, 2022-10OCT, 2022-11NOV, 2022-12DEC, 2023-01JAN, 2023-02FEB, 2023-03MAR, 2023-04APR, 2023-05MAY, 2023-06JUN, 2023-07JUL, 2023-08AUG, 2023-10OCT, 2023-11NOV, 2023-12DEC, 2024-01JAN, 2024-02FEB, 2024-03MAR, 2024-04APR, 2024-07JUL",
PUFC39_YEAR,2,36,61,37.1,"PUFC39_YEAR, PUFC29_YEAR","PUFC29_YEAR, PUFC39_YEAR","2021-02FEB, 2021-03MAR, 2021-04APR, 2021-05MAY, 2021-06JUN, 2021-07JUL, 2021-10OCT, 2021-11NOV, 2021-12DEC, 2022-01JAN, 2022-02FEB, 2022-03MAR, 2022-04APR, 2022-05MAY, 2022-06JUN, 2022-07JUL, 2022-08AUG, 2022-10OCT, 2022-11NOV, 2022-12DEC, 2023-01JAN, 2023-02FEB, 2023-03MAR, 2023-04APR, 2023-05MAY, 2023-06JUN, 2023-07JUL, 2023-08AUG, 2023-10OCT, 2023-11NOV, 2023-12DEC, 2024-01JAN, 2024-02FEB, 2024-03MAR, 2024-04APR, 2024-07JUL","2005-01JAN, 2005-07JUL, 2005-10OCT, 2006-01JAN, 2006-04APR, 2006-07JUL, 2006-10OCT, 2007-01JAN, 2007-04APR, 2007-07JUL, 2007-10OCT, 2008-01JAN, 2008-07JUL, 2008-10OCT, 2009-01JAN, 2009-04APR, 2009-07JUL, 2009-10OCT, 2010-01JAN, 2010-10OCT, 2011-01JAN, 2011-04APR, 2011-07JUL, 2011-10OCT, 2012-01JAN, 2012-04APR, 2012-07JUL, 2012-10OCT, 2013-01JAN, 2013-04APR, 2013-07JUL, 2013-10OCT, 2014-01JAN, 2014-04APR, 2014-07JUL, 2014-10OCT, 2015-01JAN, 2015-04APR, 2015-07JUL, 2015-10OCT, 2016-01JAN, 2016-04APR, 2016-07JUL, 2016-10OCT, 2017-01JAN, 2017-04APR, 2017-07JUL, 2017-10OCT, 2018-01JAN, 2018-04APR, 2018-07JUL, 2018-10OCT, 2019-01JAN, 2019-04APR, 2019-07JUL, 2019-10OCT, 2020-01JAN, 2020-04APR, 2020-07JUL, 2020-10OCT, 2021-01JAN"
PUFC39_MONTH,2,36,61,37.1,"PUFC39_MONTH, PUFC29_MONTH","PUFC29_MONTH, PUFC39_MONTH","2021-02FEB, 2021-03MAR, 2021-04APR, 2021-05MAY, 2021-06JUN, 2021-07JUL, 2021-10OCT, 2021-11NOV, 2021-12DEC, 2022-01JAN, 2022-02FEB, 2022-03MAR, 2022-04APR, 2022-05MAY, 2022-06JUN, 2022-07JUL, 2022-08AUG, 2022-10OCT, 2022-11NOV, 2022-12DEC, 2023-01JAN, 2023-02FEB, 2023-03MAR, 2023-04APR, 2023-05MAY, 2023-06JUN, 2023-07JUL, 2023-08AUG, 2023-10OCT, 2023-11NOV, 2023-12DEC, 2024-01JAN, 2024-02FEB, 2024-03MAR, 2024-04APR, 2024-07JUL","2005-01JAN, 2005-07JUL, 2005-10OCT, 2006-01JAN, 2006-04APR, 2006-07JUL, 2006-10OCT, 2007-01JAN, 2007-04APR, 2007-07JUL, 2007-10OCT, 2008-01JAN, 2008-07JUL, 2008-10OCT, 2009-01JAN, 2009-04APR, 2009-07JUL, 2009-10OCT, 2010-01JAN, 2010-10OCT, 2011-01JAN, 2011-04APR, 2011-07JUL, 2011-10OCT, 2012-01JAN, 2012-04APR, 2012-07JUL, 2012-10OCT, 2013-01JAN, 2013-04APR, 2013-07JUL, 2013-10OCT, 2014-01JAN, 2014-04APR, 2014-07JUL, 2014-10OCT, 2015-01JAN, 2015-04APR, 2015-07JUL, 2015-10OCT, 2016-01JAN, 2016-04APR, 2016-07JUL, 2016-10OCT, 2017-01JAN, 2017-04APR, 2017-07JUL, 2017-10OCT, 2018-01JAN, 2018-04APR, 2018-07JUL, 2018-10OCT, 2019-01JAN, 2019-04APR, 2019-07JUL, 2019-10OCT, 2020-01JAN, 2020-04APR, 2020-07JUL, 2020-10OCT, 2021-01JAN"
PUFC41_POCC,8,97,0,100.0,"PUFC41_POCC, PUFC40_POCC, PUFC31_POCC, C45_POCC, CC45_POCC, C45F2_POCC, C45L2_POCC, CC10_POCC","C45F2_POCC, C45_POCC, CC45_POCC, PUFC31_POCC, PUFC40_POCC, PUFC41_POCC","2005-01JAN, 2005-07JUL, 2005-10OCT, 2006-01JAN, 2006-04APR, 2006-07JUL, 2006-10OCT, 2007-01JAN, 2007-04APR, 2007-07JUL, 2007-10OCT, 2008-01JAN, 2008-07JUL, 2008-10OCT, 2009-01JAN, 2009-04APR, 2009-07JUL, 2009-10OCT, 2010-01JAN, 2010-10OCT, 2011-01JAN, 2011-04APR, 2011-07JUL, 2011-10OCT, 2012-01JAN, 2012-04APR, 2012-07JUL, 2012-10OCT, 2013-01JAN, 2013-04APR, 2013-07JUL, 2013-10OCT, 2014-01JAN, 2014-04APR, 2014-07JUL, 2014-10OCT, 2015-01JAN, 2015-04APR, 2015-07JUL, 2015-10OCT, 2016-01JAN, 2016-04APR, 2016-07JUL, 2016-10OCT, 2017-01JAN, 2017-04APR, 2017-07JUL, 2017-10OCT, 2018-01JAN, 2018-04APR, 2018-07JUL, 2018-10OCT, 2019-01JAN, 2019-04APR, 2019-07JUL, 2019-10OCT, 2020-01JAN, 2020-04APR, 2020-07JUL, 2020-10OCT, 2021-01JAN, 2021-02FEB, 2021-03MAR, 2021-04APR, 2021-05MAY, 2021-06JUN, 2021-07JUL, 2021-10OCT, 2021-11NOV, 2021-12DEC, 2022-01JAN, 2022-02FEB, 2022-03MAR, 2022-04APR, 2022-05MAY, 2022-06JUN, 2022-07JUL, 2022-08AUG, 2022-10OCT, 2022-11NOV, 2022-12DEC, 2023-01JAN, 2023-02FEB, 2023-03MAR, 2023-04APR, 2023-05MAY, 2023-06JUN, 2023-07JUL, 2023-08AUG, 2023-10OCT, 2023-11NOV, 2023-12DEC, 2024-01JAN, 2024-02FEB, 2024-03MAR, 2024-04APR, 2024-07JUL",
PUFC43_QKB,7,96,1,99.0,"PUFC43_QKB, PUFC33_QKB, A09_PQKB, A09F2_PQKB, A09L2_PQKB, PQKB, QKB","A09F2_PQKB, A09_PQKB, PUFC33_QKB, PUFC43_QKB","2005-07JUL, 2005-10OCT, 2006-01JAN, 2006-04APR, 2006-07JUL, 2006-10OCT, 2007-01JAN, 2007-04APR, 2007-07JUL, 2007-10OCT, 2008-01JAN, 2008-07JUL, 2008-10OCT, 2009-01JAN, 2009-04APR, 2009-07JUL, 2009-10OCT, 2010-01JAN, 2010-10OCT, 2011-01JAN, 2011-04APR, 2011-07JUL, 2011-10OCT, 2012-01JAN, 2012-04APR, 2012-07JUL, 2012-10OCT, 2013-01JAN, 2013-04APR, 2013-07JUL, 2013-10OCT, 2014-01JAN, 2014-04APR, 2014-07JUL, 2014-10OCT, 2015-01JAN, 2015-04APR, 2015-07JUL, 2015-10OCT, 2016-01JAN, 2016-04APR, 2016-07JUL, 2016-10OCT, 2017-01JAN, 2017-04APR, 2017-07JUL, 2017-10OCT, 2018-01JAN, 2018-04APR, 2018-07JUL, 2018-10OCT, 2019-01JAN, 2019-04APR, 2019-07JUL, 2019-10OCT, 2020-01JAN, 2020-04APR, 2020-07JUL, 2020-10OCT, 2021-01JAN, 2021-02FEB, 2021-03MAR, 2021-04APR, 2021-05MAY, 2021-06JUN, 2021-07JUL, 2021-10OCT, 2021-11NOV, 2021-12DEC, 2022-01JAN, 2022-02FEB, 2022-03MAR, 2022-04APR, 2022-05MAY, 2022-06JUN, 2022-07JUL, 2022-08AUG, 2022-10OCT, 2022-11NOV, 2022-12DEC, 2023-01JAN, 2023-02FEB, 2023-03MAR, 2023-04APR, 2023-05MAY, 2023-06JUN, 2023-07JUL, 2023-08AUG, 2023-10OCT, 2023-11NOV, 2023-12DEC, 2024-01JAN, 2024-02FEB, 2024-03MAR, 2024-04APR, 2024-07JUL",2005-01JAN
